id,NUMR_GITE,NOM_GITE,NUMR_CORPS,NOM_CORPS,IDNT_CORPS,CODE_ETAT,ETAT_CORPS,FUS_UTM,ESTN,NORD,NUMR_SNRC,DECV_AN,SUBST_PRIN,SUBST_P2,SUBST_P3,SUBST_P4,SUBST_P5,SUBST_P6,SUBST_P7,SUBST_P8,SUBST_P9,SUBST_P10,SUBST_P11,SUBST_P12,SUBST_SECN,SUBST_S2,SUBST_S3,SUBST_S4,SUBST_S5,SUBST_S6,SUBST_S7,SUBST_S8,SUBST_S9,SUBST_S10,SUBST_S11,SUBST_S12,CODE_TYPL,TYPL,CODE_LIT1,ROCHE_LIT1,CODE_LIT2,ROCHE_LIT2,CODE_LIT3,ROCHE_LIT3,CODE_LIT4,ROCHE_LIT4,CODE_LIT5,ROCHE_LIT5,CODE_LIT6,ROCHE_LIT6,CODE_LIT7,ROCHE_LIT7,CODE_LIT8,ROCHE_LIT8,MINR1,MINR2,MINR3,MINR4,MINR5,MINR6,MINR7,MINR8,MINR9,MINR10,MINR11,MINR12,MINR13,MINR14,MINR15,MINR16,MINR17,MINR18,MINR19,MINR20,MINR21,MINR22,MINR23,MINR24,MINR25,CODE_FORM,DESCR_FORM,CODE_DIST,DESCR_DIST,CODE_IMPR,DESCR_IMPR,CODE_TYPE,DESCR_TYPE,RESS_ESTIM,LIEN_FICHE,CODE_SYMBL,Coord_X,Coord_Y,SCORE_POTENTIEL,CLASSE_POTENTIEL,PROJET_PLUS_PROCHE,DISTANCE_PROJET_KM,COMMENTAIRE_SCORE,CIBLE_PLUS_PROCHE,TYPE_CIBLE,NATURE_CIBLE,MOTS_CLES_CIBLE,DISTANCE_CIBLE_KM,CLASSE_DISTANCE_CIBLE
0,12741,Adina Main (Jamar),66999,Adina Main (Jamar),1,G,Gîte,18,668561,5908833,33H08,2022,Li,,,,,,,,,,,,Be,Cs,Sn,Ga,Bi,Nb,Ta,,,,,,2100,Minéralisation associée aux pegmatites granitiques,I1G,,M16,,I1,,,,,,,,,,,,SO,BL,GR,AP,LP,HK,TL,PY,,,,,,,,,,,,,,,,,,L,Lenticulaire,A,Disséminée à massive,MJ,Majeur,L,Inscrit dans lithologie,O,https://sigeom.mines.gouv.qc.ca/signet/classes/I1103_index?format=COMPLET&type_reqt=U&mode=NOUVELLE&l=F&entt=GM&alias_table_crit=F4E02&mnen_crit=NUMR_INTER&oper_crit=EGAL&valr_crit=66999,GMLI_G,-72.470392,53.301841,14,Potentiel fort,Adina,0.55,"Code GMLI | Lithium en substance principale | Typologie pegmatitique | Ressource estimée | Gîte | Substances associées : Ta, Cs, Be, Nb | Très proche d’un projet lithium connu",(6) Adina (14-AB-6048A),Cartographique,Minéral,"lithium, pegmatite, spodumène, spodumene, tantale, niobium",1.01,Très proche d'une cible
0,12758,CV13,67016,CV13,1,G,Gîte,18,564974,5927822,33G08,2022,Li,Ta,,,,,,,,,,,Cs,Be,,,,,,,,,,,2100,Minéralisation associée aux pegmatites granitiques,I1G,,M16,,,,,,,,,,,,,,SO,,,,,,,,,,,,,,,,,,,,,,,,,IN,Inconnue,N,Inconnue,MJ,Majeur,L,Inscrit dans lithologie,O,https://sigeom.mines.gouv.qc.ca/signet/classes/I1103_index?format=COMPLET&type_reqt=U&mode=NOUVELLE&l=F&entt=GM&alias_table_crit=F4E02&mnen_crit=NUMR_INTER&oper_crit=EGAL&valr_crit=67016,GMLI_G,-74.020574,53.495342,14,Potentiel fort,Shaakichiuwaanaan,6.11,"Code GMLI | Lithium en substance principale | Typologie pegmatitique | Ressource estimée | Gîte | Substances associées : Ta, Cs, Be | Très proche d’un projet lithium connu",10-SB-6326,Cartographique,Sulfures,pegmatite,11.85,Très proche d'une cible
0,12303,CV5,58784,CV 5 : CV6,2,G,Gîte,18,569811,5930528,33H12,2019,Li,Ta,,,,,,,,,,,,,,,,,,,,,,,2100,Minéralisation associée aux pegmatites granitiques,I1G,,,,,,,,,,,,,,,,SO,,,,,,,,,,,,,,,,,,,,,,,,,T,Tabulaire,A,Disséminée à massive,MJ,Majeur,L,Inscrit dans lithologie,O,https://sigeom.mines.gouv.qc.ca/signet/classes/I1103_index?format=COMPLET&type_reqt=U&mode=NOUVELLE&l=F&entt=GM&alias_table_crit=F4E02&mnen_crit=NUMR_INTER&oper_crit=EGAL&valr_crit=58784,GMLI_G,-73.947071,53.519042,14,Potentiel fort,Shaakichiuwaanaan,0.6,Code GMLI | Lithium en substance principale | Typologie pegmatitique | Ressource estimée | Gîte | Substances associées : Ta | Très proche d’un projet lithium connu,10-SB-6326,Cartographique,Sulfures,pegmatite,15.09,Très proche d'une cible
0,12303,CV5,58779,CV5 : CV5,1,G,Gîte,18,570393,5930685,33H12,2019,Li,Ta,Be,Cs,Nb,,,,,,,,,,,,,,,,,,,,2100,Minéralisation associée aux pegmatites granitiques,I1G,,M16,,,,,,,,,,,,,,SO,,,,,,,,,,,,,,,,,,,,,,,,,LI,Lenticulaire irrégulier,D,Disséminée,MJ,Majeur,L,Inscrit dans lithologie,O,https://sigeom.mines.gouv.qc.ca/signet/classes/I1103_index?format=COMPLET&type_reqt=U&mode=NOUVELLE&l=F&entt=GM&alias_table_crit=F4E02&mnen_crit=NUMR_INTER&oper_crit=EGAL&valr_crit=58779,GMLI_G,-73.938259,53.520375,14,Potentiel fort,Shaakichiuwaanaan,0.0,"Code GMLI | Lithium en substance principale | Typologie pegmatitique | Ressource estimée | Gîte | Substances associées : Ta, Cs, Be, Nb | Très proche d’un projet lithium connu",10-SB-6326,Cartographique,Sulfures,pegmatite,15.6,Très proche d'une cible
0,12303,CV5,67193,CV5 : CV1,3,G,Gîte,18,571478,5931127,33H12,2017,Li,Ta,Be,,,,,,,,,,,,,,,,,,,,,,2100,Minéralisation associée aux pegmatites granitiques,I1G,,M16,,,,,,,,,,,,,,SO,MI,TL,FK,,,,,,,,,,,,,,,,,,,,,,T,Tabulaire,A,Disséminée à massive,MJ,Majeur,L,Inscrit dans lithologie,O,https://sigeom.mines.gouv.qc.ca/signet/classes/I1103_index?format=COMPLET&type_reqt=U&mode=NOUVELLE&l=F&entt=GM&alias_table_crit=F4E02&mnen_crit=NUMR_INTER&oper_crit=EGAL&valr_crit=67193,GMLI_G,-73.921796,53.524201,14,Potentiel fort,Shaakichiuwaanaan,1.17,"Code GMLI | Lithium en substance principale | Typologie pegmatitique | Ressource estimée | Gîte | Substances associées : Ta, Be | Très proche d’un projet lithium connu",10-SB-6326,Cartographique,Sulfures,pegmatite,16.55,Très proche d'une cible
0,219,Cyr-Lithium (James Bay Lithium),157,Cyr-Lithium (James Bay Lithium),1,G,Gîte,18,358327,5789440,33C03,1964,Li,Ta,,,,,,,,,,,Be,Au,,,,,,,,,,,2100,Minéralisation associée aux pegmatites granitiques,I1G,,M8,,I1B,,,,,,,,,,,,PY,SO,AL,MV,AS,,,,,,,,,,,,,,,,,,,,,TR,Tabulaire régulier,A,Disséminée à massive,IN,Indéterminé,L,Inscrit dans lithologie,O,https://sigeom.mines.gouv.qc.ca/signet/classes/I1103_index?format=COMPLET&type_reqt=U&mode=NOUVELLE&l=F&entt=GM&alias_table_crit=F4E02&mnen_crit=NUMR_INTER&oper_crit=EGAL&valr_crit=157,GMLI_G,-77.074776,52.237119,14,Potentiel fort,Galaxy,0.62,"Code GMLI | Lithium en substance principale | Typologie pegmatitique | Ressource estimée | Gîte | Substances associées : Ta, Be | Très proche d’un projet lithium connu",Béryl,Cartographique,Minéral,pegmatite,38.11,Proche d'une cible
0,650,Rose,608,Rose,1,G,Gîte,18,419628,5763398,33C01,1961,Li,Be,Ta,,,,,,,,,,Rb,Cs,Ga,,,,,,,,,,2100,Minéralisation associée aux pegmatites granitiques,I1G,,I3A,,I1F,,I1N,,,,,,,,,,SO,LP,,,,,,,,,,,,,,,,,,,,,,,,TR,Tabulaire régulier,D,Disséminée,IN,Indéterminé,L,Inscrit dans lithologie,O,https://sigeom.mines.gouv.qc.ca/signet/classes/I1103_index?format=COMPLET&type_reqt=U&mode=NOUVELLE&l=F&entt=GM&alias_table_crit=F4E02&mnen_crit=NUMR_INTER&oper_crit=EGAL&valr_crit=608,GMLI_G,-76.171162,52.015395,14,Potentiel fort,Rose Lithium-Tantale,0.0,"Code GMLI | Lithium en substance principale | Typologie pegmatitique | Ressource estimée | Gîte | Substances associées : Ta, Cs, Be, Rb | Très proche d’un projet lithium connu",FS-3292,Cartographique,Minéral,pegmatite,68.27,Dans un rayon de 100 km
0,11351,Whabouchi,31036,Whabouchi,1,G,Gîte,18,440964,5725788,32O12,1962,Li,Be,,,,,,,,,,,,,,,,,,,,,,,2100,Minéralisation associée aux pegmatites granitiques,I1G,,V3B,,I3A,,M1,,M4,,,,,,,,SO,AB,MV,QZ,ML,AP,GR,BL,PQ,FP,,,,,,,,,,,,,,,,LI,Lenticulaire irrégulier,D,Disséminée,MJ,Majeur,V,Veine,O,https://sigeom.mines.gouv.qc.ca/signet/classes/I1103_index?format=COMPLET&type_reqt=U&mode=NOUVELLE&l=F&entt=GM&alias_table_crit=F4E02&mnen_crit=NUMR_INTER&oper_crit=EGAL&valr_crit=31036,GMLI_G,-75.853881,51.679955,14,Potentiel fort,Whabouchi,0.05,Code GMLI | Lithium en substance principale | Typologie pegmatitique | Ressource estimée | Gîte | Substances associées : Be | Très proche d’un projet lithium connu,FS-3292,Cartographique,Minéral,pegmatite,103.33,Éloigné des cibles
0,2405,Authier,1526,Authier,1,G,Gîte,17,707562,5360250,32D08,1967,Li,,,,,,,,,,,,Be,Mo,,,,,,,,,,,2100,Minéralisation associée aux pegmatites granitiques,R1,,I1G,,I4I,,,,,,,,,,,,HB,SO,BL,FP,QZ,MV,BO,MO,,,,,,,,,,,,,,,,,,LR,Lenticulaire régulier,U,Veinule,MJ,Majeur,L,Inscrit dans lithologie,O,https://sigeom.mines.gouv.qc.ca/signet/classes/I1103_index?format=COMPLET&type_reqt=U&mode=NOUVELLE&l=F&entt=GM&alias_table_crit=F4E02&mnen_crit=NUMR_INTER&oper_crit=EGAL&valr_crit=1526,GMLI_G,-78.19775,48.36127,14,Potentiel fort,Authier,1.39,Code GMLI | Lithium en substance principale | Typologie pegmatitique | Ressource estimée | Gîte | Substances associées : Be | Très proche d’un projet lithium connu,Indice Kekek (15-AM-200B),Cartographique,Échan. roche,pegmatite,170.54,Éloigné des cibles
0,255,Lac Moblan Ouest,194,Lac Moblan Ouest,1,G,Gîte,18,506516,5620130,32J10,1963,Li,Be,Ta,Nb,,,,,,,,,,,,,,,,,,,,,2100,Minéralisation associée aux pegmatites granitiques,I1G,,I3A,,,,,,,,,,,,,,AB,SO,GR,LP,BL,FL,EP,QZ,FK,MV,TO,PY,,,,,,,,,,,,,,LI,Lenticulaire irrégulier,I,Irrégulière,MO,Modéré,T,Dans fracture,O,https://sigeom.mines.gouv.qc.ca/signet/classes/I1103_index?format=COMPLET&type_reqt=U&mode=NOUVELLE&l=F&entt=GM&alias_table_crit=F4E02&mnen_crit=NUMR_INTER&oper_crit=EGAL&valr_crit=194,GMLI_G,-74.907668,50.732926,14,Potentiel fort,Moblan,0.32,"Code GMLI | Lithium en substance principale | Typologie pegmatitique | Ressource estimée | Gîte | Substances associées : Ta, Be, Nb | Très proche d’un projet lithium connu",PR-6073,Cartographique,Minéral,pegmatite,219.24,Éloigné des cibles
0,5007,Sirmac,4284,Sirmac,1,G,Gîte,18,466330,5607906,32J11,1959,Li,Ta,Be,Sn,W,,,,,,,,Nb,,,,,,,,,,,,2100,Minéralisation associée aux pegmatites granitiques,I1G,,M4,,I3,,,,,,,,,,,,SO,MV,BO,BL,TL,GR,AP,PO,SP,CP,,,,,,,,,,,,,,,,LI,Lenticulaire irrégulier,D,Disséminée,IN,Indéterminé,I,Indéterminé,O,https://sigeom.mines.gouv.qc.ca/signet/classes/I1103_index?format=COMPLET&type_reqt=U&mode=NOUVELLE&l=F&entt=GM&alias_table_crit=F4E02&mnen_crit=NUMR_INTER&oper_crit=EGAL&valr_crit=4284,GMLI_G,-75.475982,50.62206,14,Potentiel fort,Sirmac-Dike #5,0.32,"Code GMLI | Lithium en substance principale | Typologie pegmatitique | Ressource estimée | Gîte | Substances associées : Ta, Be, Nb | Très proche d’un projet lithium connu",FS-3292,Cartographique,Minéral,pegmatite,222.93,Éloigné des cibles
0,11299,Pontax,29697,Pontax,1,G,Gîte,18,362978,5754782,32N15,2007,Li,Be,Ta,Cs,Nb,Bi,W,Sn,,,,,Rb,,,,,,,,,,,,2100,Minéralisation associée aux pegmatites granitiques,I1G,,V3B,,M4,,I1C,,,,,,,,,,MV,AP,GR,AF,SO,TF,HK,BO,TL,ZL,CL,BL,CP,PO,AS,,,,,,,,,,,LI,Lenticulaire irrégulier,D,Disséminée,MJ,Majeur,V,Veine,O,https://sigeom.mines.gouv.qc.ca/signet/classes/I1103_index?format=COMPLET&type_reqt=U&mode=NOUVELLE&l=F&entt=GM&alias_table_crit=F4E02&mnen_crit=NUMR_INTER&oper_crit=EGAL&valr_crit=29697,GMLI_G,-76.992786,51.926882,13,Potentiel fort,Galaxy,34.62,"Code GMLI | Lithium en substance principale | Typologie pegmatitique | Ressource estimée | Gîte | Substances associées : Ta, Cs, Be, Nb, Rb | Proche d’un projet lithium connu",Béryl,Cartographique,Minéral,pegmatite,72.34,Dans un rayon de 100 km
0,1165,Chubb,5459,Chubb,1,P,Indice travaillé,18,280631,5354728,32C05,1944,Li,Mo,Be,,,,,,,,,,Bi,Nb,Rb,Ta,,,,,,,,,2100,Minéralisation associée aux pegmatites granitiques,I1G,,I1C,,I2G,,,,,,,,,,,,SO,GR,BL,FL,MO,NB,BS,TO,,,,,,,,,,,,,,,,,,TI,Tabulaire irrégulier,D,Disséminée,MJ,Majeur,T,Dans fracture,O,https://sigeom.mines.gouv.qc.ca/signet/classes/I1103_index?format=COMPLET&type_reqt=U&mode=NOUVELLE&l=F&entt=GM&alias_table_crit=F4E02&mnen_crit=NUMR_INTER&oper_crit=EGAL&valr_crit=5459,GMLI_P,-77.958564,48.307666,13,Potentiel fort,Complexe Lithium Amérique du Nord,15.95,"Code GMLI | Lithium en substance principale | Typologie pegmatitique | Ressource estimée | Indice travaillé | Substances associées : Ta, Be, Nb, Rb | Très proche d’un projet lithium connu",Indice Kekek (15-AM-200B),Cartographique,Échan. roche,pegmatite,152.56,Éloigné des cibles
0,2388,International Lithium,1509,International Lithium,1,P,Indice travaillé,17,715341,5370490,32D08,1954,Li,,,,,,,,,,,,Mo,Ta,Be,,,,,,,,,,2100,Minéralisation associée aux pegmatites granitiques,I1G,,M8,,,,,,,,,,,,,,QZ,FP,MV,SO,MO,BL,TO,FL,,,,,,,,,,,,,,,,,,TI,Tabulaire irrégulier,D,Disséminée,IN,Indéterminé,T,Dans fracture,O,https://sigeom.mines.gouv.qc.ca/signet/classes/I1103_index?format=COMPLET&type_reqt=U&mode=NOUVELLE&l=F&entt=GM&alias_table_crit=F4E02&mnen_crit=NUMR_INTER&oper_crit=EGAL&valr_crit=1509,GMLI_P,-78.087613,48.450671,13,Potentiel fort,Authier,12.53,"Code GMLI | Lithium en substance principale | Typologie pegmatitique | Ressource estimée | Indice travaillé | Substances associées : Ta, Be | Très proche d’un projet lithium connu",Indice Kekek (15-AM-200B),Cartographique,Échan. roche,pegmatite,163.44,Éloigné des cibles
0,2398,Duval-Lithium,1519,Duval-Lithium,1,P,Indice travaillé,17,714262,5362230,32D08,1955,Li,Mo,,,,,,,,,,,Ta,Cu,,,,,,,,,,,2100,Minéralisation associée aux pegmatites granitiques,R1,,I1G,,I1C,,V4,,,,,,,,,,GR,SO,FP,QZ,MV,CP,TN,MO,,,,,,,,,,,,,,,,,,LR,Lenticulaire régulier,I,Irrégulière,IN,Indéterminé,T,Dans fracture,O,https://sigeom.mines.gouv.qc.ca/signet/classes/I1103_index?format=COMPLET&type_reqt=U&mode=NOUVELLE&l=F&entt=GM&alias_table_crit=F4E02&mnen_crit=NUMR_INTER&oper_crit=EGAL&valr_crit=1519,GMLI_P,-78.106405,48.376823,13,Potentiel fort,Authier,7.56,Code GMLI | Lithium en substance principale | Typologie pegmatitique | Ressource estimée | Indice travaillé | Substances associées : Ta | Très proche d’un projet lithium connu,Indice Kekek (15-AM-200B),Cartographique,Échan. roche,pegmatite,163.94,Éloigné des cibles
0,2387,Bouvier,1508,Bouvier,1,P,Indice travaillé,17,714559,5370630,32D08,1947,Li,Ta,,,,,,,,,,,Be,,,,,,,,,,,,2100,Minéralisation associée aux pegmatites granitiques,I1G,,M8,,I1M,,,,,,,,,,,,SO,CI,MV,FP,GR,TL,QZ,PR,SP,,,,,,,,,,,,,,,,,TI,Tabulaire irrégulier,D,Disséminée,MJ,Majeur,T,Dans fracture,O,https://sigeom.mines.gouv.qc.ca/signet/classes/I1103_index?format=COMPLET&type_reqt=U&mode=NOUVELLE&l=F&entt=GM&alias_table_crit=F4E02&mnen_crit=NUMR_INTER&oper_crit=EGAL&valr_crit=1508,GMLI_P,-78.098104,48.452196,13,Potentiel fort,Authier,12.12,"Code GMLI | Lithium en substance principale | Typologie pegmatitique | Ressource estimée | Indice travaillé | Substances associées : Ta, Be | Très proche d’un projet lithium connu",Indice Kekek (15-AM-200B),Cartographique,Échan. roche,pegmatite,164.23,Éloigné des cibles
0,12682,MR-4,66940,MR-4,1,P,Indice travaillé,18,682196,5940322,33H09,2023,Li,,,,,,,,,,,,Ta,,,,,,,,,,,,2100,Minéralisation associée aux pegmatites granitiques,I1G,,V3,,,,,,,,,,,,,,SO,FP,QZ,MV,LP,,,,,,,,,,,,,,,,,,,,,T,Tabulaire,A,Disséminée à massive,MJ,Majeur,L,Inscrit dans lithologie,O,https://sigeom.mines.gouv.qc.ca/signet/classes/I1103_index?format=COMPLET&type_reqt=U&mode=NOUVELLE&l=F&entt=GM&alias_table_crit=F4E02&mnen_crit=NUMR_INTER&oper_crit=EGAL&valr_crit=66940,GMLI_P,-72.247794,53.580051,12,Potentiel fort,Adina,33.93,Code GMLI | Lithium en substance principale | Typologie pegmatitique | Ressource estimée | Indice travaillé | Substances associées : Ta | Proche d’un projet lithium connu,(6) Adina (14-AB-6048A),Cartographique,Minéral,"lithium, pegmatite, spodumène, spodumene, tantale, niobium",34.95,Proche d'une cible
0,12683,MR-6,66941,MR-6,1,P,Indice travaillé,18,683167,5941364,33H09,2023,Li,,,,,,,,,,,,Ta,,,,,,,,,,,,2100,Minéralisation associée aux pegmatites granitiques,I1G,,V3B,,M16,,,,,,,,,,,,SO,FP,QZ,TL,MV,GR,,,,,,,,,,,,,,,,,,,,TI,Tabulaire irrégulier,A,Disséminée à massive,MJ,Majeur,L,Inscrit dans lithologie,O,https://sigeom.mines.gouv.qc.ca/signet/classes/I1103_index?format=COMPLET&type_reqt=U&mode=NOUVELLE&l=F&entt=GM&alias_table_crit=F4E02&mnen_crit=NUMR_INTER&oper_crit=EGAL&valr_crit=66941,GMLI_P,-72.232534,53.589068,12,Potentiel fort,Adina,35.27,Code GMLI | Lithium en substance principale | Typologie pegmatitique | Ressource estimée | Indice travaillé | Substances associées : Ta | Proche d’un projet lithium connu,(6) Adina (14-AB-6048A),Cartographique,Minéral,"lithium, pegmatite, spodumène, spodumene, tantale, niobium",36.3,Proche d'une cible
0,1150,Lithium Amérique du Nord,5444,Lithium Amérique du Nord,1,MA,Mine active,18,292127,5365828,32C05,1942,Li,,,,,,,,,,,,Be,Mo,Ta,Bi,,,,,,,,,2100,Minéralisation associée aux pegmatites granitiques,I1G,,I1C,,V,,,,,,,,,,,,BL,FL,HK,FP,QZ,MV,SO,LP,Bi,MO,TO,BS,,,,,,,,,,,,,,TI,Tabulaire irrégulier,D,Disséminée,MJ,Majeur,L,Inscrit dans lithologie,O,https://sigeom.mines.gouv.qc.ca/signet/classes/I1103_index?format=COMPLET&type_reqt=U&mode=NOUVELLE&l=F&entt=GM&alias_table_crit=F4E02&mnen_crit=NUMR_INTER&oper_crit=EGAL&valr_crit=5444,GMLI_MA,-77.809202,48.411291,12,Potentiel fort,Complexe Lithium Amérique du Nord,0.0,"Code GMLI | Lithium en substance principale | Typologie pegmatitique | Ressource estimée | Substances associées : Ta, Be | Très proche d’un projet lithium connu",Indice Kekek (15-AM-200B),Cartographique,Échan. roche,pegmatite,142.5,Éloigné des cibles
0,10646,Ridge (Adina),19427,Ridge (Adina),1,P,Indice travaillé,18,667601,5908518,33H08,2014,Li,,,,,,,,,,,,Be,Cs,Nb,Bi,Ga,Ta,,,,,,,2100,Minéralisation associée aux pegmatites granitiques,I1A,,M16,,,,,,,,,,,,,,GR,TL,AP,SO,,,,,,,,,,,,,,,,,,,,,,IN,Inconnue,D,Disséminée,MJ,Majeur,L,Inscrit dans lithologie,N,,GMLI_P,-72.48495,53.299317,11,Potentiel fort,Adina,1.55,"Code GMLI | Lithium en substance principale | Typologie pegmatitique | Indice travaillé | Substances associées : Ta, Cs, Be, Nb | Très proche d’un projet lithium connu",(6) Adina (14-AB-6048A),Cartographique,Minéral,"lithium, pegmatite, spodumène, spodumene, tantale, niobium",0.0,Très proche d'une cible
0,12661,Galinée,66919,Galinée,1,P,Indice travaillé,18,668536,5908378,33H08,2023,Li,,,,,,,,,,,,Be,Cs,,,,,,,,,,,2100,Minéralisation associée aux pegmatites granitiques,I1G,,M16,,,,,,,,,,,,,,SO,LP,HK,TL,,,,,,,,,,,,,,,,,,,,,,IN,Inconnue,M,Massive,MJ,Majeur,L,Inscrit dans lithologie,N,,GMLI_P,-72.471008,53.297763,11,Potentiel fort,Adina,0.81,"Code GMLI | Lithium en substance principale | Typologie pegmatitique | Indice travaillé | Substances associées : Cs, Be | Très proche d’un projet lithium connu",(6) Adina (14-AB-6048A),Cartographique,Minéral,"lithium, pegmatite, spodumène, spodumene, tantale, niobium",0.94,Très proche d'une cible
0,12306,CV12,58818,CV12,1,P,Indice travaillé,18,561723,5929441,33G09,2019,Li,Ta,,,,,,,,,,,Be,Cs,,,,,,,,,,,2100,Minéralisation associée aux pegmatites granitiques,I1G,,M16,,,,,,,,,,,,,,TL,SR,LP,SO,MV,,,,,,,,,,,,,,,,,,,,,LI,Lenticulaire irrégulier,D,Disséminée,MJ,Majeur,L,Inscrit dans lithologie,N,,GMLI_P,-74.069254,53.510285,11,Potentiel fort,Shaakichiuwaanaan,8.73,"Code GMLI | Lithium en substance principale | Typologie pegmatitique | Indice travaillé | Substances associées : Ta, Cs, Be | Très proche d’un projet lithium connu",10-SB-6326,Cartographique,Sulfures,pegmatite,8.29,Très proche d'une cible
0,12694,Iceberg,66952,Iceberg,1,P,Indice travaillé,18,676860,5909880,33H08,2023,Li,Cs,,,,,,,,,,,Ga,Ta,Nb,,,,,,,,,,2100,Minéralisation associée aux pegmatites granitiques,I1G,,I1D,,M16,,,,,,,,,,,,SO,,,,,,,,,,,,,,,,,,,,,,,,,T,Tabulaire,D,Disséminée,MJ,Majeur,L,Inscrit dans lithologie,N,,GMLI_P,-72.345408,53.308538,11,Potentiel fort,Adina,7.8,"Code GMLI | Lithium en substance principale | Typologie pegmatitique | Indice travaillé | Substances associées : Ta, Cs, Nb | Très proche d’un projet lithium connu",(6) Adina (14-AB-6048A),Cartographique,Minéral,"lithium, pegmatite, spodumène, spodumene, tantale, niobium",9.33,Très proche d'une cible
0,12779,Dyke 1,67040,Dyke 1,1,P,Indice travaillé,18,683115,5906089,33H08,2023,Li,,,,,,,,,,,,Be,Ta,,,,,,,,,,,2100,Minéralisation associée aux pegmatites granitiques,I1G,,M4,,,,,,,,,,,,,,AP,SO,MV,,,,,,,,,,,,,,,,,,,,,,,TI,Tabulaire irrégulier,A,Disséminée à massive,MJ,Majeur,L,Inscrit dans lithologie,N,,GMLI_P,-72.253825,53.272375,11,Potentiel fort,Adina,14.27,"Code GMLI | Lithium en substance principale | Typologie pegmatitique | Indice travaillé | Substances associées : Ta, Be | Très proche d’un projet lithium connu",(6) Adina (14-AB-6048A),Cartographique,Minéral,"lithium, pegmatite, spodumène, spodumene, tantale, niobium",15.65,Très proche d'une cible
0,12780,Dyke 4,67041,Dyke 4,1,P,Indice travaillé,18,684480,5906343,33H08,2023,Li,Cs,,,,,,,,,,,Rb,Ga,Be,,,,,,,,,,2100,Minéralisation associée aux pegmatites granitiques,I1G,,M4,,,,,,,,,,,,,,TL,MV,AP,SO,,,,,,,,,,,,,,,,,,,,,,TI,Tabulaire irrégulier,A,Disséminée à massive,MJ,Majeur,L,Inscrit dans lithologie,N,,GMLI_P,-72.233232,53.274182,11,Potentiel fort,Adina,15.56,"Code GMLI | Lithium en substance principale | Typologie pegmatitique | Indice travaillé | Substances associées : Cs, Be, Rb | Très proche d’un projet lithium connu",(6) Adina (14-AB-6048A),Cartographique,Minéral,"lithium, pegmatite, spodumène, spodumene, tantale, niobium",16.96,Très proche d'une cible
0,12781,Dyke 5,67042,Dyke 5,1,P,Indice travaillé,18,685321,5906071,33H08,2023,Li,Ta,,,,,,,,,,,Be,Cs,Nb,,,,,,,,,,2100,Minéralisation associée aux pegmatites granitiques,I1G,,M4,,,,,,,,,,,,,,SO,MV,AP,,,,,,,,,,,,,,,,,,,,,,,TI,Tabulaire irrégulier,A,Disséminée à massive,MJ,Majeur,L,Inscrit dans lithologie,N,,GMLI_P,-72.220794,53.271447,11,Potentiel fort,Adina,16.44,"Code GMLI | Lithium en substance principale | Typologie pegmatitique | Indice travaillé | Substances associées : Ta, Cs, Be, Nb | Très proche d’un projet lithium connu",(6) Adina (14-AB-6048A),Cartographique,Minéral,"lithium, pegmatite, spodumène, spodumene, tantale, niobium",17.83,Très proche d'une cible
0,639,Pivert,595,Pivert,1,P,Indice travaillé,18,422648,5766793,33C01,1961,Li,Ta,,,,,,,,,,,Be,,,,,,,,,,,,2100,Minéralisation associée aux pegmatites granitiques,I1G,,I1G,,M4,,I3A,,I1C,,,,,,,,BL,GR,SO,MO,,,,,,,,,,,,,,,,,,,,,,LR,Lenticulaire régulier,A,Disséminée à massive,IN,Indéterminé,L,Inscrit dans lithologie,N,,GMLI_P,-76.127933,52.046343,11,Potentiel fort,Rose Lithium-Tantale,4.54,"Code GMLI | Lithium en substance principale | Typologie pegmatitique | Indice travaillé | Substances associées : Ta, Be | Très proche d’un projet lithium connu",FS-3292,Cartographique,Minéral,pegmatite,64.21,Dans un rayon de 100 km
0,11457,Lamothe,33312,Lamothe,1,P,Indice travaillé,18,423622,5766555,33C01,2011,Li,Ta,,,,,,,,,,,Rb,Nb,Ga,,,,,,,,,,2100,Minéralisation associée aux pegmatites granitiques,I1G,,I4B,,I2D,,I1M,,,,,,,,,,SO,Ta,,,,,,,,,,,,,,,,,,,,,,,,LI,Lenticulaire irrégulier,D,Disséminée,MJ,Majeur,V,Veine,N,,GMLI_P,-76.11368,52.044338,11,Potentiel fort,Rose Lithium-Tantale,5.08,"Code GMLI | Lithium en substance principale | Typologie pegmatitique | Indice travaillé | Substances associées : Ta, Nb, Rb | Très proche d’un projet lithium connu",FS-3292,Cartographique,Minéral,pegmatite,64.22,Dans un rayon de 100 km
0,11922,Hélico,50588,Hélico,1,P,Indice travaillé,18,422853,5765725,33C01,2016,Li,,,,,,,,,,,,Ta,,,,,,,,,,,,2100,Minéralisation associée aux pegmatites granitiques,I1G,,,,,,,,,,,,,,,,SO,,,,,,,,,,,,,,,,,,,,,,,,,LI,Lenticulaire irrégulier,D,Disséminée,MJ,Majeur,L,Inscrit dans lithologie,N,,GMLI_P,-76.124703,52.036771,11,Potentiel fort,Rose Lithium-Tantale,3.97,Code GMLI | Lithium en substance principale | Typologie pegmatitique | Indice travaillé | Substances associées : Ta | Très proche d’un projet lithium connu,FS-3292,Cartographique,Minéral,pegmatite,65.2,Dans un rayon de 100 km
0,11358,JR,31156,JR,1,P,Indice travaillé,18,421736,5764586,33C01,2011,Li,Ta,,,,,,,,,,,Be,Ga,Rb,,,,,,,,,,2100,Minéralisation associée aux pegmatites granitiques,I1G,,I3A,,M4,,M16,,,,,,,,,,SO,,,,,,,,,,,,,,,,,,,,,,,,,LI,Lenticulaire irrégulier,D,Disséminée,MJ,Majeur,L,Inscrit dans lithologie,N,,GMLI_P,-76.140723,52.026376,11,Potentiel fort,Rose Lithium-Tantale,2.41,"Code GMLI | Lithium en substance principale | Typologie pegmatitique | Indice travaillé | Substances associées : Ta, Be, Rb | Très proche d’un projet lithium connu",FS-3292,Cartographique,Minéral,pegmatite,66.58,Dans un rayon de 100 km
0,12686,Rose Ouest,66944,Rose Ouest,1,P,Indice travaillé,18,411162,5763736,33C01,2023,Li,Ta,,,,,,,,,,,,,,,,,,,,,,,2100,Minéralisation associée aux pegmatites granitiques,I1G,,I3A,,,,,,,,,,,,,,MV,SO,QZ,FP,,,,,,,,,,,,,,,,,,,,,,IN,Inconnue,A,Disséminée à massive,IN,Indéterminé,L,Inscrit dans lithologie,N,,GMLI_P,-76.294582,52.017143,11,Potentiel fort,Rose Lithium-Tantale,8.45,Code GMLI | Lithium en substance principale | Typologie pegmatitique | Indice travaillé | Substances associées : Ta | Très proche d’un projet lithium connu,FS-3292,Cartographique,Minéral,pegmatite,70.72,Dans un rayon de 100 km
0,3043,Lac des Montagnes,2198,Lac des Montagnes,1,P,Indice travaillé,18,441466,5725949,32O12,1962,Li,Be,,,,,,,,,,,,,,,,,,,,,,,2100,Minéralisation associée aux pegmatites granitiques,I1G,,V3B,,M1,,,,,,,,,,,,BL,FP,QZ,AB,SO,,,,,,,,,,,,,,,,,,,,,LI,Lenticulaire irrégulier,D,Disséminée,MI,Mineur,L,Inscrit dans lithologie,N,,GMLI_P,-75.846648,51.681455,11,Potentiel fort,Whabouchi,0.51,Code GMLI | Lithium en substance principale | Typologie pegmatitique | Indice travaillé | Substances associées : Be | Très proche d’un projet lithium connu,FS-3292,Cartographique,Minéral,pegmatite,103.19,Éloigné des cibles
0,1151,Vallée Lithium,5445,Vallée Lithium,1,P,Indice travaillé,18,294447,5364608,32C05,1955,Li,Ta,,,,,,,,,,,Be,Ga,,,,,,,,,,,2100,Minéralisation associée aux pegmatites granitiques,I1G,,I1C,,V,,,,,,,,,,,,FL,GR,HK,QZ,FP,SO,,,,,,,,,,,,,,,,,,,,TI,Tabulaire irrégulier,D,Disséminée,MJ,Majeur,L,Inscrit dans lithologie,N,,GMLI_P,-77.777291,48.401089,11,Potentiel fort,Complexe Lithium Amérique du Nord,2.61,"Code GMLI | Lithium en substance principale | Typologie pegmatitique | Indice travaillé | Substances associées : Ta, Be | Très proche d’un projet lithium connu",Indice Kekek (15-AM-200B),Cartographique,Échan. roche,pegmatite,140.03,Éloigné des cibles
0,1147,Canadian Lithium,5441,Canadian Lithium,1,P,Indice travaillé,18,284861,5368288,32C05,1948,Li,Ta,,,,,,,,,,,Be,,,,,,,,,,,,2100,Minéralisation associée aux pegmatites granitiques,I1G,,I1C,,M8,,,,,,,,,,,,LP,BL,CI,QZ,SO,FP,BM,TO,,,,,,,,,,,,,,,,,,TI,Tabulaire irrégulier,D,Disséminée,IN,Indéterminé,I,Indéterminé,N,,GMLI_P,-77.908528,48.430956,11,Potentiel fort,Complexe Lithium Amérique du Nord,7.65,"Code GMLI | Lithium en substance principale | Typologie pegmatitique | Indice travaillé | Substances associées : Ta, Be | Très proche d’un projet lithium connu",Indice Kekek (15-AM-200B),Cartographique,Échan. roche,pegmatite,150.05,Éloigné des cibles
0,1146,Valor Lithium,5440,Valor Lithium,1,P,Indice travaillé,18,283771,5363618,32C05,1954,Li,Be,Ta,Cs,,,,,,,,,Mo,Nb,Rb,,,,,,,,,,2100,Minéralisation associée aux pegmatites granitiques,I1G,,I1M,,,,,,,,,,,,,,ZP,PQ,FP,TL,SO,CI,LP,TS,MV,BL,QZ,MO,,,,,,,,,,,,,,LI,Lenticulaire irrégulier,D,Disséminée,MJ,Majeur,V,Veine,N,,GMLI_P,-77.920838,48.388623,11,Potentiel fort,Complexe Lithium Amérique du Nord,8.62,"Code GMLI | Lithium en substance principale | Typologie pegmatitique | Indice travaillé | Substances associées : Ta, Cs, Be, Nb, Rb | Très proche d’un projet lithium connu",Indice Kekek (15-AM-200B),Cartographique,Échan. roche,pegmatite,150.41,Éloigné des cibles
0,1160,Baillairgé-Est,5454,Baillairgé-Est,1,P,Indice travaillé,18,279640,5355682,32C05,1955,Li,Mo,Ta,Nb,,,,,,,,,Be,,,,,,,,,,,,2100,Minéralisation associée aux pegmatites granitiques,I1G,,I1C,,M8,,,,,,,,,,,,BO,SO,BL,QZ,MV,CI,HK,NB,TN,MO,,,,,,,,,,,,,,,,TI,Tabulaire irrégulier,D,Disséminée,MJ,Majeur,T,Dans fracture,N,,GMLI_P,-77.972409,48.315893,11,Potentiel fort,Complexe Lithium Amérique du Nord,16.06,"Code GMLI | Lithium en substance principale | Typologie pegmatitique | Indice travaillé | Substances associées : Ta, Be, Nb | Très proche d’un projet lithium connu",Indice Kekek (15-AM-200B),Cartographique,Échan. roche,pegmatite,153.62,Éloigné des cibles
0,1186,Baillairgé-Ouest,5482,Baillairgé-Ouest,1,P,Indice travaillé,18,278475,5357096,32C05,1959,Li,Ta,,,,,,,,,,,Ag,,,,,,,,,,,,2100,Minéralisation associée aux pegmatites granitiques,I1G,,I2G,,I1C,,M25,,,,,,,,,,BL,SO,TO,MO,Ag,,,,,,,,,,,,,,,,,,,,,TR,Tabulaire régulier,A,Disséminée à massive,MJ,Majeur,F,Dans faille ou cisaillement,N,,GMLI_P,-77.988844,48.32819,11,Potentiel fort,Complexe Lithium Amérique du Nord,16.17,Code GMLI | Lithium en substance principale | Typologie pegmatitique | Indice travaillé | Substances associées : Ta | Très proche d’un projet lithium connu,Indice Kekek (15-AM-200B),Cartographique,Échan. roche,pegmatite,154.9,Éloigné des cibles
0,11505,Lac La Motte-NE,34958,Lac La Motte-NE,1,P,Indice travaillé,17,721539,5362703,32D08,2010,Li,Be,,,,,,,,,,,Cs,Nb,Rb,Ta,,,,,,,,,2100,Minéralisation associée aux pegmatites granitiques,I1G,,I4A,,I2F,,,,,,,,,,,,SO,BL,XX,,,,,,,,,,,,,,,,,,,,,,,LR,Lenticulaire régulier,D,Disséminée,MJ,Majeur,V,Veine,N,,GMLI_P,-78.008017,48.37856,11,Potentiel fort,Authier,14.83,"Code GMLI | Lithium en substance principale | Typologie pegmatitique | Indice travaillé | Substances associées : Ta, Cs, Be, Nb, Rb | Très proche d’un projet lithium connu",Indice Kekek (15-AM-200B),Cartographique,Échan. roche,pegmatite,156.71,Éloigné des cibles
0,2399,Lacorne Lithium,1520,Lacorne Lithium,1,P,Indice travaillé,17,721545,5367673,32D08,1954,Li,,,,,,,,,,,,Be,Bi,Cu,,,,,,,,,,2100,Minéralisation associée aux pegmatites granitiques,R1,,I1G,,I1C,,,,,,,,,,,,FD,GR,SO,QZ,MI,BL,HB,Bi,CP,,,,,,,,,,,,,,,,,LR,Lenticulaire régulier,I,Irrégulière,IN,Indéterminé,T,Dans fracture,N,,GMLI_P,-78.005314,48.42321,11,Potentiel fort,Complexe Lithium Amérique du Nord,14.53,Code GMLI | Lithium en substance principale | Typologie pegmatitique | Indice travaillé | Substances associées : Be | Très proche d’un projet lithium connu,Indice Kekek (15-AM-200B),Cartographique,Échan. roche,pegmatite,157.03,Éloigné des cibles
0,2411,Lac La Motte,1532,Lac La Motte,1,P,Indice travaillé,17,720671,5361753,32D08,1955,Li,Cs,,,,,,,,,,,Be,Rb,,,,,,,,,,,2100,Minéralisation associée aux pegmatites granitiques,I1G,,I2J,,I2F,,S1,,,,,,,,,,PR,BL,QZ,CI,ML,SO,XX,,,,,,,,,,,,,,,,,,,LR,Lenticulaire régulier,D,Disséminée,MJ,Majeur,V,Veine,N,,GMLI_P,-78.020222,48.370329,11,Potentiel fort,Authier,13.91,"Code GMLI | Lithium en substance principale | Typologie pegmatitique | Indice travaillé | Substances associées : Cs, Be, Rb | Très proche d’un projet lithium connu",Indice Kekek (15-AM-200B),Cartographique,Échan. roche,pegmatite,157.53,Éloigné des cibles
0,11504,La Motte,34952,La Motte,1,P,Indice travaillé,17,717900,5362591,32D08,2010,Li,Be,Ta,,,,,,,,,,Cs,,,,,,,,,,,,2100,Minéralisation associée aux pegmatites granitiques,I1G,,S1,,,,,,,,,,,,,,MV,SO,BO,XX,,,,,,,,,,,,,,,,,,,,,,LR,Lenticulaire régulier,D,Disséminée,MJ,Majeur,V,Veine,N,,GMLI_P,-78.057153,48.378821,11,Potentiel fort,Authier,11.21,"Code GMLI | Lithium en substance principale | Typologie pegmatitique | Indice travaillé | Substances associées : Ta, Cs, Be | Très proche d’un projet lithium connu",Indice Kekek (15-AM-200B),Cartographique,Échan. roche,pegmatite,160.33,Éloigné des cibles
0,13131,Sond. AED-23-05,67405,Sond. AED-23-05,1,P,Indice travaillé,18,508208,5622127,32J15,2023,Li,Cs,,,,,,,,,,,Ta,,,,,,,,,,,,2100,Minéralisation associée aux pegmatites granitiques,I1G,,I3A,,V3B,,,,,,,,,,,,SO,LP,TL,,,,,,,,,,,,,,,,,,,,,,,TI,Tabulaire irrégulier,A,Disséminée à massive,MJ,Majeur,L,Inscrit dans lithologie,N,,GMLI_P,-74.883648,50.750863,11,Potentiel fort,Moblan,2.36,"Code GMLI | Lithium en substance principale | Typologie pegmatitique | Indice travaillé | Substances associées : Ta, Cs | Très proche d’un projet lithium connu",PR-6073,Cartographique,Minéral,pegmatite,217.68,Éloigné des cibles
0,11501,Lac Moblan-NE,34695,Lac Moblan-NE,1,P,Indice travaillé,18,508035,5620320,32J10,1963,Li,Ta,Be,,,,,,,,,,,,,,,,,,,,,,2100,Minéralisation associée aux pegmatites granitiques,I1G,,V3B,,V1,,I3A,,,,,,,,,,QZ,HK,MV,AB,LP,SO,FL,,,,,,,,,,,,,,,,,,,LR,Lenticulaire régulier,D,Disséminée,MO,Modéré,T,Dans fracture,N,,GMLI_P,-74.88614,50.734616,11,Potentiel fort,Moblan,1.21,"Code GMLI | Lithium en substance principale | Typologie pegmatitique | Indice travaillé | Substances associées : Ta, Be | Très proche d’un projet lithium connu",PR-6073,Cartographique,Minéral,pegmatite,219.4,Éloigné des cibles
0,224,Moléon-Lithium,162,Moléon-Lithium,1,P,Indice travaillé,18,507486,5619858,32J10,1962,Li,Ta,Be,,,,,,,,,,Mo,,,,,,,,,,,,2100,Minéralisation associée aux pegmatites granitiques,I1G,,I3A,,V3B,,,,,,,,,,,,HK,GR,AP,SO,BL,QZ,FP,MV,MO,TO,,,,,,,,,,,,,,,,LI,Lenticulaire irrégulier,D,Disséminée,MO,Modéré,T,Dans fracture,N,,GMLI_P,-74.893929,50.730468,11,Potentiel fort,Moblan,0.75,"Code GMLI | Lithium en substance principale | Typologie pegmatitique | Indice travaillé | Substances associées : Ta, Be | Très proche d’un projet lithium connu",PR-6073,Cartographique,Minéral,pegmatite,219.72,Éloigné des cibles
0,13125,Sond. AED-23-52,67399,Sond. AED-23-52,1,P,Indice travaillé,18,506497,5619445,32J10,2023,Li,Be,,,,,,,,,,,Cs,,,,,,,,,,,,2100,Minéralisation associée aux pegmatites granitiques,I3A,,I1G,,V3B,,I3B,,,,,,,,,,MI,QZ,SO,FP,,,,,,,,,,,,,,,,,,,,,,IN,Inconnue,A,Disséminée à massive,IN,Indéterminé,L,Inscrit dans lithologie,N,,GMLI_P,-74.90795,50.726766,11,Potentiel fort,Moblan,0.84,"Code GMLI | Lithium en substance principale | Typologie pegmatitique | Indice travaillé | Substances associées : Cs, Be | Très proche d’un projet lithium connu",PR-6073,Cartographique,Minéral,pegmatite,219.9,Éloigné des cibles
0,12740,Adina East,66998,Adina East,1,P,Indice travaillé,18,670003,5909088,33H08,2022,Li,,,,,,,,,,,,,,,,,,,,,,,,2100,Minéralisation associée aux pegmatites granitiques,I1G,,V3B,,I3A,,,,,,,,,,,,TL,SO,MV,,,,,,,,,,,,,,,,,,,,,,,,,,,MJ,Majeur,L,Inscrit dans lithologie,N,,GMLI_P,-72.448639,53.30367,10,Potentiel fort,Adina,0.92,Code GMLI | Lithium en substance principale | Typologie pegmatitique | Indice travaillé | Très proche d’un projet lithium connu,(6) Adina (14-AB-6048A),Cartographique,Minéral,"lithium, pegmatite, spodumène, spodumene, tantale, niobium",2.46,Très proche d'une cible
0,12289,CV9,58532,CV9,1,I,"Indice, aucun travail",18,554441,5930084,33G09,2019,Li,,,,,,,,,,,,Ta,,,,,,,,,,,,2100,Minéralisation associée aux pegmatites granitiques,I1G,,,,,,,,,,,,,,,,SO,,,,,,,,,,,,,,,,,,,,,,,,,LI,Lenticulaire irrégulier,D,Disséminée,MJ,Majeur,L,Inscrit dans lithologie,N,,GMLI_I,-74.178937,53.516868,10,Potentiel fort,Shaakichiuwaanaan,15.92,Code GMLI | Lithium en substance principale | Typologie pegmatitique | Substances associées : Ta | Très proche d’un projet lithium connu,10-SB-6326,Cartographique,Sulfures,pegmatite,4.63,Très proche d'une cible
0,12290,CV10,58537,CV10,1,I,"Indice, aucun travail",18,552485,5929777,33G09,2019,Li,Ta,,,,,,,,,,,,,,,,,,,,,,,2100,Minéralisation associée aux pegmatites granitiques,I1G,,,,,,,,,,,,,,,,HM,SO,FK,AP,,,,,,,,,,,,,,,,,,,,,,IN,Inconnue,N,Inconnue,MJ,Majeur,L,Inscrit dans lithologie,N,,GMLI_I,-74.208485,53.514308,10,Potentiel fort,Shaakichiuwaanaan,17.88,Code GMLI | Lithium en substance principale | Typologie pegmatitique | Substances associées : Ta | Très proche d’un projet lithium connu,10-SB-6326,Cartographique,Sulfures,pegmatite,5.6,Très proche d'une cible
0,12803,Surge,67068,Surge,1,I,"Indice, aucun travail",18,675810,5909200,33H08,2023,Li,Cs,Ta,,,,,,,,,,Ga,Be,Nb,,,,,,,,,,2100,Minéralisation associée aux pegmatites granitiques,I1G,,I1D,,M16,,,,,,,,,,,,SO,,,,,,,,,,,,,,,,,,,,,,,,,T,Tabulaire,D,Disséminée,MJ,Majeur,L,Inscrit dans lithologie,N,,GMLI_I,-72.361526,53.302781,10,Potentiel fort,Adina,6.7,"Code GMLI | Lithium en substance principale | Typologie pegmatitique | Substances associées : Ta, Cs, Be, Nb | Très proche d’un projet lithium connu",(6) Adina (14-AB-6048A),Cartographique,Minéral,"lithium, pegmatite, spodumène, spodumene, tantale, niobium",8.21,Très proche d'une cible
0,12288,CV8,58525,CV8,1,I,"Indice, aucun travail",18,561974,5928864,33G09,2019,Li,Ta,,,,,,,,,,,,,,,,,,,,,,,2100,Minéralisation associée aux pegmatites granitiques,I1G,,,,,,,,,,,,,,,,SO,,,,,,,,,,,,,,,,,,,,,,,,,LI,Lenticulaire irrégulier,D,Disséminée,MJ,Majeur,L,Inscrit dans lithologie,N,,GMLI_I,-74.065583,53.505069,10,Potentiel fort,Shaakichiuwaanaan,8.59,Code GMLI | Lithium en substance principale | Typologie pegmatitique | Substances associées : Ta | Très proche d’un projet lithium connu,10-SB-6326,Cartographique,Sulfures,pegmatite,8.85,Très proche d'une cible
0,12684,Western (EIQ24-007),66942,Western (EIQ24-007),1,P,Indice travaillé,18,521608,5933448,33G10,2024,Li,,,,,,,,,,,,Ta,Cs,,,,,,,,,,,2100,Minéralisation associée aux pegmatites granitiques,,,,,,,,,,,,,,,,,,,,,,,,,,,,,,,,,,,,,,,,,,,,,,,,,,N,,GMLI_P_N,-74.673867,53.54948,10,Potentiel fort,Shaakichiuwaanaan,48.72,"Code GMLI | Lithium en substance principale | Typologie pegmatitique | Indice travaillé | Substances associées : Ta, Cs | Proche d’un projet lithium connu",SB-5163,Cartographique,Sulfures,pegmatite,10.69,Très proche d'une cible
0,13094,Éch. G409314,67368,Éch. G409314,1,I,"Indice, aucun travail",18,546281,5927866,33G08,2023,Li,Cs,,,,,,,,,,,Rb,Bi,,,,,,,,,,,2100,Minéralisation associée aux pegmatites granitiques,M10,,I1G,,,,,,,,,,,,,,,,,,,,,,,,,,,,,,,,,,,,,,,IN,Inconnue,N,Inconnue,MJ,Majeur,L,Inscrit dans lithologie,N,,GMLI_I,-74.30232,53.497715,10,Potentiel fort,Shaakichiuwaanaan,24.21,"Code GMLI | Lithium en substance principale | Typologie pegmatitique | Substances associées : Cs, Rb | Très proche d’un projet lithium connu",10-SB-6326,Cartographique,Sulfures,pegmatite,11.22,Très proche d'une cible
0,13035,Dyke 6,67306,Dyke 6,1,I,"Indice, aucun travail",18,683384,5906310,33H08,2024,Li,,,,,,,,,,,,Be,,,,,,,,,,,,2100,Minéralisation associée aux pegmatites granitiques,I1G,,M4,,,,,,,,,,,,,,SO,BL,MV,,,,,,,,,,,,,,,,,,,,,,,IN,Inconnue,N,Inconnue,MJ,Majeur,L,Inscrit dans lithologie,N,,GMLI_I,-72.249668,53.274266,10,Potentiel fort,Adina,14.49,Code GMLI | Lithium en substance principale | Typologie pegmatitique | Substances associées : Be | Très proche d’un projet lithium connu,(6) Adina (14-AB-6048A),Cartographique,Minéral,"lithium, pegmatite, spodumène, spodumene, tantale, niobium",15.89,Très proche d'une cible
0,13025,Dyke 2,67296,Dyke 2,1,I,"Indice, aucun travail",18,683950,5906780,33H08,2023,Li,,,,,,,,,,,,Be,Ta,,,,,,,,,,,2100,Minéralisation associée aux pegmatites granitiques,I1G,,M4,,,,,,,,,,,,,,AP,SO,MV,,,,,,,,,,,,,,,,,,,,,,,TI,Tabulaire irrégulier,A,Disséminée à massive,MJ,Majeur,L,Inscrit dans lithologie,N,,GMLI_I,-72.240918,53.27829,10,Potentiel fort,Adina,14.97,"Code GMLI | Lithium en substance principale | Typologie pegmatitique | Substances associées : Ta, Be | Très proche d’un projet lithium connu",(6) Adina (14-AB-6048A),Cartographique,Minéral,"lithium, pegmatite, spodumène, spodumene, tantale, niobium",16.39,Très proche d'une cible
0,12852,Dyke 7,67118,Dyke 7,1,I,"Indice, aucun travail",18,685207,5907086,33H08,2024,Li,,,,,,,,,,,,Be,,,,,,,,,,,,2100,Minéralisation associée aux pegmatites granitiques,I1G,,M16,,,,,,,,,,,,,,MV,SO,,,,,,,,,,,,,,,,,,,,,,,,IN,Inconnue,N,Inconnue,MJ,Majeur,L,Inscrit dans lithologie,N,,GMLI_I,-72.22191,53.2806,10,Potentiel fort,Adina,16.18,Code GMLI | Lithium en substance principale | Typologie pegmatitique | Substances associées : Be | Très proche d’un projet lithium connu,(6) Adina (14-AB-6048A),Cartographique,Minéral,"lithium, pegmatite, spodumène, spodumene, tantale, niobium",17.61,Très proche d'une cible
0,12421,CV4,63049,CV4,1,I,"Indice, aucun travail",18,574157,5932269,33H12,2019,Li,,,,,,,,,,,,Ta,,,,,,,,,,,,2100,Minéralisation associée aux pegmatites granitiques,I1G,,M16,,,,,,,,,,,,,,SO,,,,,,,,,,,,,,,,,,,,,,,,,LI,Lenticulaire irrégulier,D,Disséminée,MJ,Majeur,L,Inscrit dans lithologie,N,,GMLI_I,-73.881123,53.534093,10,Potentiel fort,Shaakichiuwaanaan,4.07,Code GMLI | Lithium en substance principale | Typologie pegmatitique | Substances associées : Ta | Très proche d’un projet lithium connu,10-SB-6326,Cartographique,Sulfures,pegmatite,19.0,Très proche d'une cible
0,13088,Éch. G351514,67362,Éch. G351514,1,I,"Indice, aucun travail",18,576277,5943818,33H12,2022,Li,Cs,Be,,,,,,,,,,Ta,,,,,,,,,,,,2100,Minéralisation associée aux pegmatites granitiques,I1G,,,,,,,,,,,,,,,,MV,BL,,,,,,,,,,,,,,,,,,,,,,,,IN,Inconnue,D,Disséminée,IN,Indéterminé,L,Inscrit dans lithologie,N,,GMLI_I,-73.84632,53.637577,10,Potentiel fort,Shaakichiuwaanaan,14.38,"Code GMLI | Lithium en substance principale | Typologie pegmatitique | Substances associées : Ta, Cs, Be | Très proche d’un projet lithium connu",10-SB-6326,Cartographique,Sulfures,pegmatite,22.88,Très proche d'une cible
0,12766,HW1,67024,HW1,1,P,Indice travaillé,18,339279,5829830,33C11,2024,Li,,,,,,,,,,,,Ta,Cs,Be,,,,,,,,,,2100,Minéralisation associée aux pegmatites granitiques,I1G,,M16,,S,,,,,,,,,,,,SO,,,,,,,,,,,,,,,,,,,,,,,,,TI,Tabulaire irrégulier,A,Disséminée à massive,IN,Indéterminé,I,Indéterminé,N,,GMLI_P,-77.372894,52.594698,10,Potentiel fort,Galaxy,45.08,"Code GMLI | Lithium en substance principale | Typologie pegmatitique | Indice travaillé | Substances associées : Ta, Cs, Be | Proche d’un projet lithium connu",Béryl,Cartographique,Minéral,pegmatite,24.69,Très proche d'une cible
0,12045,JBL17-159,53070,JBL17-159,1,P,Indice travaillé,18,357296,5789891,33C03,2017,Li,,,,,,,,,,,,,,,,,,,,,,,,2100,Minéralisation associée aux pegmatites granitiques,I1G,,M8,,I1B,,,,,,,,,,,,AL,MV,BO,QZ,AD,PH,FP,SO,PY,AS,,,,,,,,,,,,,,,,TR,Tabulaire régulier,A,Disséminée à massive,IN,Indéterminé,L,Inscrit dans lithologie,N,,GMLI_P,-77.090054,52.240904,10,Potentiel fort,Galaxy,1.74,Code GMLI | Lithium en substance principale | Typologie pegmatitique | Indice travaillé | Très proche d’un projet lithium connu,Béryl,Cartographique,Minéral,pegmatite,37.83,Proche d'une cible
0,12179,Cyr-1,57475,Cyr-1,1,P,Indice travaillé,18,359877,5789129,33C03,1966,Li,,,,,,,,,,,,,,,,,,,,,,,,2100,Minéralisation associée aux pegmatites granitiques,I1G,,M4,,,,,,,,,,,,,,QZ,FP,MV,SO,,,,,,,,,,,,,,,,,,,,,,TI,Tabulaire irrégulier,D,Disséminée,MJ,Majeur,L,Inscrit dans lithologie,N,,GMLI_P,-77.051964,52.234721,10,Potentiel fort,Galaxy,0.98,Code GMLI | Lithium en substance principale | Typologie pegmatitique | Indice travaillé | Très proche d’un projet lithium connu,Béryl,Cartographique,Minéral,pegmatite,38.22,Proche d'une cible
0,12681,Anais,66939,Anais,1,I,"Indice, aucun travail",18,380473,5784651,33C02,2023,Li,Ta,,,,,,,,,,,,,,,,,,,,,,,2100,Minéralisation associée aux pegmatites granitiques,I1G,,M8,,,,,,,,,,,,,,GR,TL,MV,SO,,,,,,,,,,,,,,,,,,,,,,LI,Lenticulaire irrégulier,D,Disséminée,MJ,Majeur,L,Inscrit dans lithologie,N,,GMLI_I,-76.748939,52.199337,10,Potentiel fort,Galaxy,21.99,Code GMLI | Lithium en substance principale | Typologie pegmatitique | Substances associées : Ta | Très proche d’un projet lithium connu,Béryl,Cartographique,Minéral,pegmatite,45.58,Proche d'une cible
0,13141,Éch. H873536,67415,Éch. H873536,1,I,"Indice, aucun travail",18,420412,5768913,33C01,2023,Li,,,,,,,,,,,,Ta,,,,,,,,,,,,2100,Minéralisation associée aux pegmatites granitiques,I1G,,I3A,,,,,,,,,,,,,,SO,FP,QZ,MV,,,,,,,,,,,,,,,,,,,,,,IN,Inconnue,A,Disséminée à massive,IN,Indéterminé,L,Inscrit dans lithologie,N,,GMLI_I,-76.161025,52.065083,10,Potentiel fort,Rose Lithium-Tantale,5.57,Code GMLI | Lithium en substance principale | Typologie pegmatitique | Substances associées : Ta | Très proche d’un projet lithium connu,FS-3292,Cartographique,Minéral,pegmatite,62.76,Dans un rayon de 100 km
0,11359,Éch. 286201,31173,Éch. 286201,1,I,"Indice, aucun travail",18,421414,5768518,33C01,2011,Li,Ta,,,,,,,,,,,Be,,,,,,,,,,,,2100,Minéralisation associée aux pegmatites granitiques,I1G,,,,,,,,,,,,,,,,SO,,,,,,,,,,,,,,,,,,,,,,,,,IN,Inconnue,D,Disséminée,IN,Indéterminé,L,Inscrit dans lithologie,N,,GMLI_I,-76.14632,52.061675,10,Potentiel fort,Rose Lithium-Tantale,5.42,"Code GMLI | Lithium en substance principale | Typologie pegmatitique | Substances associées : Ta, Be | Très proche d’un projet lithium connu",FS-3292,Cartographique,Minéral,pegmatite,62.86,Dans un rayon de 100 km
0,11323,Graab,30337,Graab,1,P,Indice travaillé,18,471639,5734460,32O14,2012,Li,Be,Ta,,,,,,,,,,Cs,,,,,,,,,,,,2100,Minéralisation associée aux pegmatites granitiques,I1G,,V3B,,,,,,,,,,,,,,QZ,MV,AP,BL,SO,TL,FP,,,,,,,,,,,,,,,,,,,LI,Lenticulaire irrégulier,D,Disséminée,MJ,Majeur,V,Veine,N,,GMLI_P,-75.410931,51.760313,10,Potentiel fort,Whabouchi,31.77,"Code GMLI | Lithium en substance principale | Typologie pegmatitique | Indice travaillé | Substances associées : Ta, Cs, Be | Proche d’un projet lithium connu",FS-3292,Cartographique,Minéral,pegmatite,100.32,Éloigné des cibles
0,11823,Graab SW,45625,Graab SW,1,P,Indice travaillé,18,470802,5733951,32O14,2016,Li,Ta,Cs,W,,,,,,,,,,,,,,,,,,,,,2100,Minéralisation associée aux pegmatites granitiques,I1G,,V3B,,,,,,,,,,,,,,SO,,,,,,,,,,,,,,,,,,,,,,,,,LI,Lenticulaire irrégulier,D,Disséminée,MJ,Majeur,V,Veine,N,,GMLI_P,-75.423015,51.755694,10,Potentiel fort,Whabouchi,30.83,"Code GMLI | Lithium en substance principale | Typologie pegmatitique | Indice travaillé | Substances associées : Ta, Cs | Proche d’un projet lithium connu",FS-3292,Cartographique,Minéral,pegmatite,100.53,Éloigné des cibles
0,12841,Éch. H866068,67107,Éch. H866068,1,I,"Indice, aucun travail",18,459452,5727181,32O12,2023,Li,Be,Ta,Cs,,,,,,,,,,,,,,,,,,,,,2100,Minéralisation associée aux pegmatites granitiques,I1G,,M4,,,,,,,,,,,,,,SO,BL,MV,GR,TL,AP,,,,,,,,,,,,,,,,,,,,LI,Lenticulaire irrégulier,D,Disséminée,MJ,Majeur,V,Veine,N,,GMLI_I,-75.586656,51.694119,10,Potentiel fort,Whabouchi,18.46,"Code GMLI | Lithium en substance principale | Typologie pegmatitique | Substances associées : Ta, Cs, Be | Très proche d’un projet lithium connu",FS-3292,Cartographique,Minéral,pegmatite,104.08,Éloigné des cibles
0,12635,Éch. E074514,66891,Éch. E074514,1,I,"Indice, aucun travail",18,438824,5723594,32O12,2022,Li,Ta,,,,,,,,,,,Cs,,,,,,,,,,,,2100,Minéralisation associée aux pegmatites granitiques,I1G,,V3B,,,,,,,,,,,,,,SO,MV,GR,,,,,,,,,,,,,,,,,,,,,,,LI,Lenticulaire irrégulier,D,Disséminée,MJ,Majeur,V,Veine,N,,GMLI_I,-75.884445,51.660001,10,Potentiel fort,Whabouchi,3.06,"Code GMLI | Lithium en substance principale | Typologie pegmatitique | Substances associées : Ta, Cs | Très proche d’un projet lithium connu",FS-3292,Cartographique,Minéral,pegmatite,105.49,Éloigné des cibles
0,12791,Sond. EV-24-002,67056,Sond. EV-24-002,1,I,"Indice, aucun travail",18,295136,5364087,32C05,2024,Li,,,,,,,,,,,,Cs,,,,,,,,,,,,2100,Minéralisation associée aux pegmatites granitiques,I1G,,I1,,I2F,,,,,,,,,,,,SO,QZ,FP,MV,TL,,,,,,,,,,,,,,,,,,,,,IN,Inconnue,,,IN,Indéterminé,,,N,,GMLI_I,-77.767739,48.396631,10,Potentiel fort,Complexe Lithium Amérique du Nord,3.47,Code GMLI | Lithium en substance principale | Typologie pegmatitique | Substances associées : Cs | Très proche d’un projet lithium connu,Indice Kekek (15-AM-200B),Cartographique,Échan. roche,pegmatite,139.27,Éloigné des cibles
0,1149,Augustus Exploration,5443,Augustus Exploration,1,P,Indice travaillé,18,287287,5367628,32C05,1950,Li,,,,,,,,,,,,,,,,,,,,,,,,2100,Minéralisation associée aux pegmatites granitiques,I1G,,I4I,,,,,,,,,,,,,,BL,SO,MO,TO,,,,,,,,,,,,,,,,,,,,,,TI,Tabulaire irrégulier,D,Disséminée,MJ,Majeur,T,Dans fracture,N,,GMLI_P,-77.875438,48.425849,10,Potentiel fort,Complexe Lithium Amérique du Nord,5.15,Code GMLI | Lithium en substance principale | Typologie pegmatitique | Indice travaillé | Très proche d’un projet lithium connu,Indice Kekek (15-AM-200B),Cartographique,Échan. roche,pegmatite,147.56,Éloigné des cibles
0,1148,Martin-McNeely,5442,Martin-McNeely,1,P,Indice travaillé,18,285551,5368303,32C05,1955,Li,,,,,,,,,,,,Mo,,,,,,,,,,,,2100,Minéralisation associée aux pegmatites granitiques,I1G,,I4I,,,,,,,,,,,,,,SO,LP,MO,,,,,,,,,,,,,,,,,,,,,,,TI,Tabulaire irrégulier,D,Disséminée,MJ,Majeur,X,Autre,N,,GMLI_P,-77.89922,48.431326,10,Potentiel fort,Complexe Lithium Amérique du Nord,7.01,Code GMLI | Lithium en substance principale | Typologie pegmatitique | Indice travaillé | Très proche d’un projet lithium connu,Indice Kekek (15-AM-200B),Cartographique,Échan. roche,pegmatite,149.38,Éloigné des cibles
0,12764,Éch. 1155972,67022,Éch. 1155972,1,I,"Indice, aucun travail",17,716993,5364664,32D08,2023,Li,,,,,,,,,,,,Be,Cs,Ga,Nb,Rb,Ta,,,,,,,2100,Minéralisation associée aux pegmatites granitiques,I1G,,M8,,I2E,,,,,,,,,,,,SO,QZ,AB,ML,MV,BL,NB,KT,,,,,,,,,,,,,,,,,,LI,Lenticulaire irrégulier,D,Disséminée,MJ,Majeur,V,Veine,N,,GMLI_I,-78.068316,48.397759,10,Potentiel fort,Authier,10.75,"Code GMLI | Lithium en substance principale | Typologie pegmatitique | Substances associées : Ta, Cs, Be, Nb, Rb | Très proche d’un projet lithium connu",Indice Kekek (15-AM-200B),Cartographique,Échan. roche,pegmatite,161.34,Éloigné des cibles
0,8611,Wells-Lacourcière,6095,Wells-Lacourcière,1,P,Indice travaillé,17,687484,5329637,32D01,1955,Li,Cs,,,,,,,,,,,Be,Rb,Ga,,,,,,,,,,2100,Minéralisation associée aux pegmatites granitiques,I1G,,I1B,,,,,,,,,,,,,,QZ,MV,TL,FP,SO,BL,,,,,,,,,,,,,,,,,,,,LR,Lenticulaire régulier,D,Disséminée,MJ,Majeur,V,Veine,N,,GMLI_P,-78.482072,48.0924,10,Potentiel fort,Authier,37.07,"Code GMLI | Lithium en substance principale | Typologie pegmatitique | Indice travaillé | Substances associées : Cs, Be, Rb | Proche d’un projet lithium connu",Indice Kekek (15-AM-200B),Cartographique,Échan. roche,pegmatite,192.14,Éloigné des cibles
0,23,Mine Leduc (Shirley),885,Mine Leduc (Shirley),1,P,Indice travaillé,18,441277,5062823,31G12,1884,Li,Cs,,,,,,,,,,,Nb,Ga,Rb,,,,,,,,,,2100,Minéralisation associée aux pegmatites granitiques,I1G,,M12,,M4,,,,,,,,,,,,MI,TL,TZ,EX,PR,LP,FL,AI,II,QZ,CI,UR,,,,,,,,,,,,,,TI,Tabulaire irrégulier,M,Massive,MJ,Majeur,V,Veine,O,https://sigeom.mines.gouv.qc.ca/signet/classes/I1103_index?format=COMPLET&type_reqt=U&mode=NOUVELLE&l=F&entt=GM&alias_table_crit=F4E02&mnen_crit=NUMR_INTER&oper_crit=EGAL&valr_crit=885,GMLI_P,-75.754534,45.71647,10,Potentiel fort,Complexe Lithium Amérique du Nord,337.62,"Code GMLI | Lithium en substance principale | Typologie pegmatitique | Ressource estimée | Indice travaillé | Substances associées : Cs, Nb, Rb",Indice Galipeau1 (15-FS-1072B),Cartographique,Terres rares,pegmatite,207.97,Éloigné des cibles
0,13145,Éch. L901719,67419,Éch. L901719,1,I,"Indice, aucun travail",18,509484,5621908,32J10,2024,Li,Cs,Ta,,,,,,,,,,,,,,,,,,,,,,2100,Minéralisation associée aux pegmatites granitiques,I1G,,V3,,,,,,,,,,,,,,SO,,,,,,,,,,,,,,,,,,,,,,,,,IN,Inconnue,A,Disséminée à massive,IN,Indéterminé,L,Inscrit dans lithologie,N,,GMLI_I,-74.865566,50.748874,10,Potentiel fort,Moblan,3.14,"Code GMLI | Lithium en substance principale | Typologie pegmatitique | Substances associées : Ta, Cs | Très proche d’un projet lithium connu",PR-6073,Cartographique,Minéral,pegmatite,218.19,Éloigné des cibles
0,12101,TRO-JB-18-016,54072,TRO-JB-18-016,1,I,"Indice, aucun travail",18,507015,5618525,32J10,2018,Li,Cs,,,,,,,,,,,,,,,,,,,,,,,2100,Minéralisation associée aux pegmatites granitiques,I1G,,V3B,,,,,,,,,,,,,,FP,SO,BO,MV,QZ,LP,,,,,,,,,,,,,,,,,,,,AI,Amas irrégulier,M,Massive,MJ,Majeur,L,Inscrit dans lithologie,N,,GMLI_I,-74.900628,50.718487,10,Potentiel fort,Moblan,1.7,Code GMLI | Lithium en substance principale | Typologie pegmatitique | Substances associées : Cs | Très proche d’un projet lithium connu,PR-6073,Cartographique,Minéral,pegmatite,220.91,Éloigné des cibles
0,5006,Lac Clapier-Nord,4283,Lac Clapier-Nord,1,I,"Indice, aucun travail",18,471196,5610474,32J11,1964,Li,Ta,,,,,,,,,,,Be,Nb,Cs,Rb,,,,,,,,,2100,Minéralisation associée aux pegmatites granitiques,I1G,,V1,,,,,,,,,,,,,,SO,BL,QZ,FP,MV,BO,SO,,,,,,,,,,,,,,,,,,,AI,Amas irrégulier,D,Disséminée,MJ,Majeur,T,Dans fracture,N,,GMLI_I,-75.407395,50.645414,10,Potentiel fort,Sirmac-Dike #5,5.57,"Code GMLI | Lithium en substance principale | Typologie pegmatitique | Substances associées : Ta, Cs, Be, Nb, Rb | Très proche d’un projet lithium connu",FS-3292,Cartographique,Minéral,pegmatite,221.05,Éloigné des cibles
0,13146,Éch. L900423,67420,Éch. L900423,1,I,"Indice, aucun travail",18,477775,5604715,32J11,2024,Li,Cs,Ta,,,,,,,,,,,,,,,,,,,,,,2100,Minéralisation associée aux pegmatites granitiques,I1G,,V3,,,,,,,,,,,,,,SO,,,,,,,,,,,,,,,,,,,,,,,,,IN,Inconnue,A,Disséminée à massive,IN,Indéterminé,L,Inscrit dans lithologie,N,,GMLI_I,-75.314,50.593912,10,Potentiel fort,Sirmac-Dike #5,11.69,"Code GMLI | Lithium en substance principale | Typologie pegmatitique | Substances associées : Ta, Cs | Très proche d’un projet lithium connu",FS-3292,Cartographique,Minéral,pegmatite,227.79,Éloigné des cibles
0,12891,Sirmac-Clapier (Ch2),67158,Sirmac-Clapier (Ch2),1,I,"Indice, aucun travail",18,476735,5604533,32J11,2024,Li,Cs,Ta,,,,,,,,,,,,,,,,,,,,,,2100,Minéralisation associée aux pegmatites granitiques,,,,,,,,,,,,,,,,,,,,,,,,,,,,,,,,,,,,,,,,,,,,,,,,,,N,,GMLI_I_N,-75.328682,50.592235,10,Potentiel fort,Sirmac-Dike #5,10.74,"Code GMLI | Lithium en substance principale | Typologie pegmatitique | Substances associées : Ta, Cs | Très proche d’un projet lithium connu",FS-3292,Cartographique,Minéral,pegmatite,227.8,Éloigné des cibles
0,12916,CV15,67183,CV15,1,I,"Indice, aucun travail",18,548990,5929450,33G09,2024,Li,,,,,,,,,,,,,,,,,,,,,,,,2100,Minéralisation associée aux pegmatites granitiques,,,,,,,,,,,,,,,,,,,,,,,,,,,,,,,,,,,,,,,,,,,,,,,,,,N,,GMLI_I_N,-74.261239,53.511706,9,Potentiel fort,Shaakichiuwaanaan,21.38,Code GMLI | Lithium en substance principale | Typologie pegmatitique | Très proche d’un projet lithium connu,10-SB-6326,Cartographique,Sulfures,pegmatite,8.12,Très proche d'une cible
0,12802,White Lightning,67067,White Lightning,1,I,"Indice, aucun travail",18,678423,5909329,33H08,2024,Li,,,,,,,,,,,,,,,,,,,,,,,,2100,Minéralisation associée aux pegmatites granitiques,,,,,,,,,,,,,,,,,,,,,,,,,,,,,,,,,,,,,,,,,,,,,,,,,,N,,GMLI_I_N,-72.322286,53.303066,9,Potentiel fort,Adina,9.31,Code GMLI | Lithium en substance principale | Typologie pegmatitique | Très proche d’un projet lithium connu,(6) Adina (14-AB-6048A),Cartographique,Minéral,"lithium, pegmatite, spodumène, spodumene, tantale, niobium",10.82,Très proche d'une cible
0,13106,Sond. CV-25-796,67380,Sond. CV-25-796,1,P,Indice travaillé,18,566297,5928829,33G09,2025,Li,Cs,,,,,,,,,,,,,,,,,,,,,,,,,,,,,,,,,,,,,,,,,,,,,,,,,,,,,,,,,,,,,,,,,,,,,,,,,,N,,GMLI_P_N,-74.000421,53.504228,9,Potentiel fort,Shaakichiuwaanaan,4.49,Code GMLI | Lithium en substance principale | Indice travaillé | Substances associées : Cs | Très proche d’un projet lithium connu,10-SB-6326,Cartographique,Sulfures,pegmatite,12.45,Très proche d'une cible
0,13107,Sond. CV-25-879,67381,Sond. CV-25-879,1,P,Indice travaillé,18,568177,5929911,33H12,2025,Li,Cs,,,,,,,,,,,,,,,,,,,,,,,,,,,,,,,,,,,,,,,,,,,,,,,,,,,,,,,,,,,,,,,,,,,,,,,,,,N,,GMLI_P_N,-73.971845,53.513711,9,Potentiel fort,Shaakichiuwaanaan,2.34,Code GMLI | Lithium en substance principale | Indice travaillé | Substances associées : Cs | Très proche d’un projet lithium connu,10-SB-6326,Cartographique,Sulfures,pegmatite,13.73,Très proche d'une cible
0,12853,Éch. F437504,67119,Éch. F437504,1,I,"Indice, aucun travail",18,681861,5906266,33H08,2024,Li,,,,,,,,,,,,,,,,,,,,,,,,2100,Minéralisation associée aux pegmatites granitiques,,,,,,,,,,,,,,,,,,,,,,,,,,,,,,,,,,,,,,,,,,,,,,,,,,N,,GMLI_I_N,-72.272506,53.274395,9,Potentiel fort,Adina,13.01,Code GMLI | Lithium en substance principale | Typologie pegmatitique | Très proche d’un projet lithium connu,(6) Adina (14-AB-6048A),Cartographique,Minéral,"lithium, pegmatite, spodumène, spodumene, tantale, niobium",14.39,Très proche d'une cible
0,13037,Éch. F437555,67308,Éch. F437555,1,I,"Indice, aucun travail",18,683602,5905567,33H08,2024,Li,,,,,,,,,,,,P,,,,,,,,,,,,2100,Minéralisation associée aux pegmatites granitiques,I1G,,M4,,,,,,,,,,,,,,SO,MV,PS,,,,,,,,,,,,,,,,,,,,,,,IN,Inconnue,N,Inconnue,MJ,Majeur,L,Inscrit dans lithologie,N,,GMLI_I,-72.246832,53.267519,9,Potentiel fort,Adina,14.86,Code GMLI | Lithium en substance principale | Typologie pegmatitique | Très proche d’un projet lithium connu,(6) Adina (14-AB-6048A),Cartographique,Minéral,"lithium, pegmatite, spodumène, spodumene, tantale, niobium",16.22,Très proche d'une cible
0,12603,Cancet-Est,66857,Cancet-Est,1,P,Indice travaillé,18,507420,5927833,33G07,2022,Li,Cs,Ta,,,,,,,,,,Be,Bi,Ni,Cr,Zn,Nb,Rb,Ga,,,,,2100,Minéralisation associée aux pegmatites granitiques,I1G,,I4I,,V4,,R1,,,,,,,,,,BO,PG,TC,ST,CB,GR,QZ,,,,,,,,,,,,,,,,,,,IN,Inconnue,N,Inconnue,IN,Indéterminé,I,Indéterminé,N,,GMLI_P,-74.888141,53.499402,9,Potentiel fort,Shaakichiuwaanaan,62.85,"Code GMLI | Lithium en substance principale | Typologie pegmatitique | Indice travaillé | Substances associées : Ta, Cs, Be, Nb, Rb | Dans un rayon de 100 km d’un projet lithium connu",SB-5163,Cartographique,Sulfures,pegmatite,19.22,Très proche d'une cible
0,218,Cancet,156,Cancet,1,P,Indice travaillé,18,506134,5927884,33G07,2009,Li,Ta,Be,Cs,Bi,Nb,Zn,Pb,,,,,Ga,Rb,Ag,Co,Cr,Ni,,,,,,,2100,Minéralisation associée aux pegmatites granitiques,I1G,,I3A,,,,,,,,,,,,,,MV,SO,,,,,,,,,,,,,,,,,,,,,,,,TI,Tabulaire irrégulier,N,Inconnue,IN,Indéterminé,L,Inscrit dans lithologie,N,,GMLI_P,-74.907527,53.499877,9,Potentiel fort,Shaakichiuwaanaan,64.13,"Code GMLI | Lithium en substance principale | Typologie pegmatitique | Indice travaillé | Substances associées : Ta, Cs, Be, Nb, Rb | Dans un rayon de 100 km d’un projet lithium connu",SB-5163,Cartographique,Sulfures,pegmatite,19.94,Très proche d'une cible
0,12687,Ninaaskumuwin,66945,Ninaaskumuwin,1,P,Indice travaillé,18,342853,5827869,33C11,2023,Li,,,,,,,,,,,,,,,,,,,,,,,,2100,Minéralisation associée aux pegmatites granitiques,,,,,,,,,,,,,,,,,,,,,,,,,,,,,,,,,,,,,,,,,,,,,,,,,,N,,GMLI_P_N,-77.319244,52.578128,9,Potentiel fort,Galaxy,41.84,Code GMLI | Lithium en substance principale | Typologie pegmatitique | Indice travaillé | Proche d’un projet lithium connu,Béryl,Cartographique,Minéral,pegmatite,21.0,Très proche d'une cible
0,13062,Grogu,67336,Grogu,1,I,"Indice, aucun travail",18,339847,5825842,33C11,2024,Li,,,,,,,,,,,,Cs,Ta,Ga,,,,,,,,,,2100,Minéralisation associée aux pegmatites granitiques,I1G,,M16,,I3A,,,,,,,,,,,,TL,BL,SO,MV,GR,BO,,,,,,,,,,,,,,,,,,,,A,Amas,D,Disséminée,MJ,Majeur,L,Inscrit dans lithologie,N,,GMLI_I,-77.362588,52.559044,9,Potentiel fort,Galaxy,41.26,"Code GMLI | Lithium en substance principale | Typologie pegmatitique | Substances associées : Ta, Cs | Proche d’un projet lithium connu",Béryl,Cartographique,Minéral,pegmatite,24.02,Très proche d'une cible
0,222,Cyr-2,160,Cyr-2,1,I,"Indice, aucun travail",18,361460,5788560,33C03,1966,Li,,,,,,,,,,,,,,,,,,,,,,,,2100,Minéralisation associée aux pegmatites granitiques,I1G,,M4,,,,,,,,,,,,,,MV,SO,QZ,PG,BL,IM,,,,,,,,,,,,,,,,,,,,TR,Tabulaire régulier,D,Disséminée,MJ,Majeur,L,Inscrit dans lithologie,N,,GMLI_I,-77.028565,52.230009,9,Potentiel fort,Galaxy,2.63,Code GMLI | Lithium en substance principale | Typologie pegmatitique | Très proche d’un projet lithium connu,Béryl,Cartographique,Minéral,pegmatite,38.65,Proche d'une cible
0,13158,Éduc,67432,Éduc,1,I,"Indice, aucun travail",19,313728,5903730,23E05,2023,Li,Cs,Be,,,,,,,,,,,,,,,,,,,,,,2100,Minéralisation associée aux pegmatites granitiques,I1G,,,,,,,,,,,,,,,,SO,MV,TL,GR,,,,,,,,,,,,,,,,,,,,,,IN,Inconnue,A,Disséminée à massive,IN,Indéterminé,L,Inscrit dans lithologie,N,,GMLI_I,-71.792079,53.250096,9,Potentiel fort,Adina,44.95,"Code GMLI | Lithium en substance principale | Typologie pegmatitique | Substances associées : Cs, Be | Proche d’un projet lithium connu",(6) Adina (14-AB-6048A),Cartographique,Minéral,"lithium, pegmatite, spodumène, spodumene, tantale, niobium",46.39,Proche d'une cible
0,12692,Arwen,66950,Arwen,1,P,Indice travaillé,18,358385,5877778,33F03,2023,Li,Ta,,,,,,,,,,,Cs,,,,,,,,,,,,2100,Minéralisation associée aux pegmatites granitiques,I1G,,I3A,,I1B,,,,,,,,,,,,SO,LP,,,,,,,,,,,,,,,,,,,,,,,,IN,Inconnue,M,Massive,IN,Indéterminé,I,Indéterminé,N,,GMLI_P,-77.111814,53.030761,9,Potentiel fort,Galaxy,88.55,"Code GMLI | Lithium en substance principale | Typologie pegmatitique | Indice travaillé | Substances associées : Ta, Cs | Dans un rayon de 100 km d’un projet lithium connu",Béryl,Cartographique,Minéral,pegmatite,50.88,Dans un rayon de 100 km
0,10060,Lithos-Sud (Waba 5),9635,Lithos-Sud (Waba 5),1,P,Indice travaillé,18,481820,5771735,33B03,2007,Li,,,,,,,,,,,,Be,Nb,Ta,Cs,,,,,,,,,2100,Minéralisation associée aux pegmatites granitiques,I1G,,M4,,,,,,,,,,,,,,MV,TL,QZ,AP,TN,SO,FP,GR,,,,,,,,,,,,,,,,,,IN,Inconnue,N,Inconnue,MJ,Majeur,L,Inscrit dans lithologie,N,,GMLI_P,-75.265387,52.095875,9,Potentiel fort,Whabouchi,61.41,"Code GMLI | Lithium en substance principale | Typologie pegmatitique | Indice travaillé | Substances associées : Ta, Cs, Be, Nb | Dans un rayon de 100 km d’un projet lithium connu",PR-6073,Cartographique,Minéral,pegmatite,66.69,Dans un rayon de 100 km
0,13169,Rose Ouest-Cible Est,67466,Rose Ouest-Cible Est,1,P,Indice travaillé,18,412423,5764459,33C01,2026,Li,,,,,,,,,,,,Ta,,,,,,,,,,,,,,,,,,,,,,,,,,,,,,,,,,,,,,,,,,,,,,,,,,,,,,,,,,,,,,,N,,GMLI_P_N,-76.276396,52.023842,9,Potentiel fort,Rose Lithium-Tantale,7.26,Code GMLI | Lithium en substance principale | Indice travaillé | Substances associées : Ta | Très proche d’un projet lithium connu,FS-3292,Cartographique,Minéral,pegmatite,69.57,Dans un rayon de 100 km
0,12321,Éch. 129446,59346,Éch. 129446,1,I,"Indice, aucun travail",18,357317,5751811,32N14,2018,Li,Ta,Cs,,,,,,,,,,,,,,,,,,,,,,2100,Minéralisation associée aux pegmatites granitiques,I1G,,V3B,,,,,,,,,,,,,,AP,SO,FP,GR,MV,QZ,TL,,,,,,,,,,,,,,,,,,,LI,Lenticulaire irrégulier,D,Disséminée,MJ,Majeur,V,Veine,N,,GMLI_I,-77.073829,51.898764,9,Potentiel fort,Galaxy,37.38,"Code GMLI | Lithium en substance principale | Typologie pegmatitique | Substances associées : Ta, Cs | Proche d’un projet lithium connu",Béryl,Cartographique,Minéral,pegmatite,75.59,Dans un rayon de 100 km
0,12320,Éch. 129364 et 129366,59340,Éch. 129364 et 129366,1,I,"Indice, aucun travail",18,355839,5750667,32N14,2018,Li,Ta,Cs,Be,Nb,Sn,,,,,,,Rb,,,,,,,,,,,,2100,Minéralisation associée aux pegmatites granitiques,I1G,,V3B,,,,,,,,,,,,,,BL,SO,TL,QZ,MV,FP,AP,GR,,,,,,,,,,,,,,,,,,LI,Lenticulaire irrégulier,D,Disséminée,MJ,Majeur,V,Veine,N,,GMLI_I,-77.094817,51.888105,9,Potentiel fort,Galaxy,38.61,"Code GMLI | Lithium en substance principale | Typologie pegmatitique | Substances associées : Ta, Cs, Be, Nb, Rb | Proche d’un projet lithium connu",Béryl,Cartographique,Minéral,pegmatite,76.87,Dans un rayon de 100 km
0,12637,Éch. E073359,66893,Éch. E073359,1,I,"Indice, aucun travail",18,466651,5731269,32O11,2022,Li,,,,,,,,,,,,Ta,Cs,,,,,,,,,,,2100,Minéralisation associée aux pegmatites granitiques,I1G,,V3,,,,,,,,,,,,,,SO,MV,,,,,,,,,,,,,,,,,,,,,,,,IN,Inconnue,D,Disséminée,MJ,Majeur,F,Dans faille ou cisaillement,N,,GMLI_I,-75.482895,51.731348,9,Potentiel fort,Whabouchi,26.17,"Code GMLI | Lithium en substance principale | Typologie pegmatitique | Substances associées : Ta, Cs | Proche d’un projet lithium connu",FS-3292,Cartographique,Minéral,pegmatite,101.84,Éloigné des cibles
0,12685,Éch. H874004,66943,Éch. H874004,1,I,"Indice, aucun travail",18,437589,5722597,32O12,2023,Li,,,,,,,,,,,,,,,,,,,,,,,,2100,Minéralisation associée aux pegmatites granitiques,,,,,,,,,,,,,,,,,,,,,,,,,,,,,,,,,,,,,,,,,,,,,,,,,,N,,GMLI_I_N,-75.90212,51.650902,9,Potentiel fort,Whabouchi,4.64,Code GMLI | Lithium en substance principale | Typologie pegmatitique | Très proche d’un projet lithium connu,FS-3292,Cartographique,Minéral,pegmatite,106.49,Éloigné des cibles
0,11950,D110131,51152,D110131,1,I,"Indice, aucun travail",18,286535,5368064,32C05,2017,Li,,,,,,,,,,,,,,,,,,,,,,,,2100,Minéralisation associée aux pegmatites granitiques,I1G,,V2J,,,,,,,,,,,,,,SO,PO,PY,,,,,,,,,,,,,,,,,,,,,,,LR,Lenticulaire régulier,D,Disséminée,MI,Mineur,L,Inscrit dans lithologie,N,,GMLI_I,-77.885812,48.429513,9,Potentiel fort,Complexe Lithium Amérique du Nord,6.01,Code GMLI | Lithium en substance principale | Typologie pegmatitique | Très proche d’un projet lithium connu,Indice Kekek (15-AM-200B),Cartographique,Échan. roche,pegmatite,148.37,Éloigné des cibles
0,12937,Éch. B483112,67206,Éch. B483112,1,I,"Indice, aucun travail",18,422023,5624722,32K16,2023,Li,Cs,,,,,,,,,,,Be,Nb,Rb,Ta,,,,,,,,,2100,Minéralisation associée aux pegmatites granitiques,I1G,,S3,,V3B,,,,,,,,,,,,SO,,,,,,,,,,,,,,,,,,,,,,,,,IN,Inconnue,N,Inconnue,MJ,Majeur,O,Stratification (gîte concordant à la),N,,GMLI_I,-76.105797,50.769016,9,Potentiel fort,Sirmac-Dike #5,47.47,"Code GMLI | Lithium en substance principale | Typologie pegmatitique | Substances associées : Ta, Cs, Be, Nb, Rb | Proche d’un projet lithium connu",FS-3292,Cartographique,Minéral,pegmatite,204.98,Éloigné des cibles
0,1880,Viau-Dallaire,966,Viau-Dallaire,1,P,Indice travaillé,17,670611,5285628,31M10,1973,Li,ETR,,,,,,,,,,,Ta,Nb,Pr,,,,,,,,,,2100,Minéralisation associée aux pegmatites granitiques,I1G,,M4,,M16,,I1F,,,,,,,,,,SO,TO,,,,,,,,,,,,,,,,,,,,,,,,LR,Lenticulaire régulier,D,Disséminée,MJ,Majeur,V,Veine,N,,GMLI_P,-78.725883,47.701491,9,Potentiel fort,Authier,83.85,"Code GMLI | Lithium en substance principale | Typologie pegmatitique | Indice travaillé | Substances associées : Ta, Nb | Dans un rayon de 100 km d’un projet lithium connu",Indice Kekek (15-AM-200B),Cartographique,Échan. roche,pegmatite,218.56,Éloigné des cibles
0,13124,CHA24-10-R1,67398,CHA24-10-R1,1,I,"Indice, aucun travail",18,505842,5619389,32J10,2023,Li,,,,,,,,,,,,,,,,,,,,,,,,2100,Minéralisation associée aux pegmatites granitiques,I1G,,I3A,,,,,,,,,,,,,,MV,SO,,,,,,,,,,,,,,,,,,,,,,,,IN,Inconnue,A,Disséminée à massive,IN,Indéterminé,L,Inscrit dans lithologie,N,,GMLI_I,-74.917231,50.726269,9,Potentiel fort,Moblan,1.28,Code GMLI | Lithium en substance principale | Typologie pegmatitique | Très proche d’un projet lithium connu,PR-6073,Cartographique,Minéral,pegmatite,219.81,Éloigné des cibles
0,12178,Lac Sirmac-Ouest,57469,Lac Sirmac-Ouest,1,I,"Indice, aucun travail",18,462528,5608353,32J12,1975,Li,,,,,,,,,,,,,,,,,,,,,,,,2100,Minéralisation associée aux pegmatites granitiques,I1G,,M4,,,,,,,,,,,,,,SO,,,,,,,,,,,,,,,,,,,,,,,,,AR,Amas régulier,N,Inconnue,,,,,N,,GMLI_I,-75.529773,50.625848,9,Potentiel fort,Sirmac-Dike #5,3.95,Code GMLI | Lithium en substance principale | Typologie pegmatitique | Très proche d’un projet lithium connu,FS-3292,Cartographique,Minéral,pegmatite,222.04,Éloigné des cibles
0,88,Fliszar,26,Fliszar,1,I,"Indice, aucun travail",18,419776,5828223,33C09,2006,Li,Cs,Ta,,,,,,,,,,Rb,,,,,,,,,,,,2100,Minéralisation associée aux pegmatites granitiques,I1G,,V3B,,,,,,,,,,,,,,LP,SO,MO,,,,,,,,,,,,,,,,,,,,,,,IN,Inconnue,I,Irrégulière,MJ,Majeur,L,Inscrit dans lithologie,N,,GMLI_I,-76.184457,52.598102,8,Potentiel moyen,Rose Lithium-Tantale,64.8,"Code GMLI | Lithium en substance principale | Typologie pegmatitique | Substances associées : Ta, Cs, Rb | Dans un rayon de 100 km d’un projet lithium connu",FS-3292,Cartographique,Minéral,pegmatite,18.43,Très proche d'une cible
0,12602,Cancet-Ouest,66856,Cancet-Ouest,1,P,Indice travaillé,18,504842,5927632,33G07,2022,Li,,,,,,,,,,,,,,,,,,,,,,,,2100,Minéralisation associée aux pegmatites granitiques,I3,,I1G,,,,,,,,,,,,,,MF,,,,,,,,,,,,,,,,,,,,,,,,,IN,Inconnue,N,Inconnue,IN,Indéterminé,I,Indéterminé,N,,GMLI_P,-74.927008,53.497625,8,Potentiel moyen,Shaakichiuwaanaan,65.43,Code GMLI | Lithium en substance principale | Typologie pegmatitique | Indice travaillé | Dans un rayon de 100 km d’un projet lithium connu,SB-5163,Cartographique,Sulfures,pegmatite,20.94,Très proche d'une cible
0,13136,Éch. 122148,67410,Éch. 122148,1,I,"Indice, aucun travail",18,415919,5835937,33C09,2024,Li,,,,,,,,,,,,Cs,Ta,,,,,,,,,,,2100,Minéralisation associée aux pegmatites granitiques,I1G,,V3B,,,,,,,,,,,,,,TL,SO,GR,MV,,,,,,,,,,,,,,,,,,,,,,IN,Inconnue,I,Irrégulière,IN,Indéterminé,L,Inscrit dans lithologie,N,,GMLI_I,-76.243353,52.666852,8,Potentiel moyen,Rose Lithium-Tantale,72.6,"Code GMLI | Lithium en substance principale | Typologie pegmatitique | Substances associées : Ta, Cs | Dans un rayon de 100 km d’un projet lithium connu",FS-3292,Cartographique,Minéral,pegmatite,23.27,Très proche d'une cible
0,12907,Éch. C00431524,67174,Éch. C00431524,1,I,"Indice, aucun travail",18,404758,5819524,33C09,2023,Li,,,,,,,,,,,,Ta,Cs,Rb,,,,,,,,,,2100,Minéralisation associée aux pegmatites granitiques,I1G,,M16,,S4D,,,,,,,,,,,,FP,QZ,MV,GR,AP,SO,,,,,,,,,,,,,,,,,,,,,,,,IN,Indéterminé,I,Indéterminé,N,,GMLI_I,-76.403624,52.517496,8,Potentiel moyen,Galaxy,54.88,"Code GMLI | Lithium en substance principale | Typologie pegmatitique | Substances associées : Ta, Cs, Rb | Dans un rayon de 100 km d’un projet lithium connu",FS-3292,Cartographique,Minéral,pegmatite,34.73,Proche d'une cible
0,13002,Éch. L880130,67272,Éch. L880130,1,I,"Indice, aucun travail",18,353520,5877932,33F03,2024,Li,Nb,Ta,,,,,,,,,,Sc,Rb,Cs,Ga,,,,,,,,,2100,Minéralisation associée aux pegmatites granitiques,I1G,,,,,,,,,,,,,,,,,,,,,,,,,,,,,,,,,,,,,,,,,LI,Lenticulaire irrégulier,D,Disséminée,MJ,Majeur,L,Inscrit dans lithologie,N,,GMLI_I,-77.184376,53.030835,8,Potentiel moyen,Galaxy,88.86,"Code GMLI | Lithium en substance principale | Typologie pegmatitique | Substances associées : Ta, Cs, Nb, Rb | Dans un rayon de 100 km d’un projet lithium connu",Béryl,Cartographique,Minéral,pegmatite,51.78,Dans un rayon de 100 km
0,12703,Améliane,66961,Améliane,1,I,"Indice, aucun travail",18,360780,5884212,33F03,2023,Li,,,,,,,,,,,,Be,Ta,Cs,,,,,,,,,,2100,Minéralisation associée aux pegmatites granitiques,I1G,,I1D,,M16,,,,,,,,,,,,AP,TL,MV,GR,SO,BL,,,,,,,,,,,,,,,,,,,,LI,Lenticulaire irrégulier,A,Disséminée à massive,MJ,Majeur,L,Inscrit dans lithologie,N,,GMLI_I,-77.078906,53.089189,8,Potentiel moyen,Galaxy,94.99,"Code GMLI | Lithium en substance principale | Typologie pegmatitique | Substances associées : Ta, Cs, Be | Dans un rayon de 100 km d’un projet lithium connu",Béryl,Cartographique,Minéral,pegmatite,57.1,Dans un rayon de 100 km
0,12771,Milou,67029,Milou,1,I,"Indice, aucun travail",18,361847,5885685,33F03,2024,Li,,,,,,,,,,,,Cs,Ta,,,,,,,,,,,2100,Minéralisation associée aux pegmatites granitiques,,,,,,,,,,,,,,,,,,,,,,,,,,,,,,,,,,,,,,,,,,,,,,,,,,N,,GMLI_I_N,-77.063618,53.102699,8,Potentiel moyen,Galaxy,96.49,"Code GMLI | Lithium en substance principale | Typologie pegmatitique | Substances associées : Ta, Cs | Dans un rayon de 100 km d’un projet lithium connu",Béryl,Cartographique,Minéral,pegmatite,58.53,Dans un rayon de 100 km
0,13082,Éch. G437598,67356,Éch. G437598,1,I,"Indice, aucun travail",18,421909,5767451,33C01,2025,Li,,,,,,,,,,,,Ta,,,,,,,,,,,,,,,,,,,,,,,,,,,,,,,,,,,,,,,,,,,,,,,,,,,,,,,,,,,,,,,N,,GMLI_I_N,-76.138857,52.052154,8,Potentiel moyen,Rose Lithium-Tantale,4.65,Code GMLI | Lithium en substance principale | Substances associées : Ta | Très proche d’un projet lithium connu,FS-3292,Cartographique,Minéral,pegmatite,63.76,Dans un rayon de 100 km
0,12854,Lithos-Nord 1,67120,Lithos-Nord 1,1,I,"Indice, aucun travail",18,482121,5773641,33B03,2024,Li,,,,,,,,,,,,Cs,Be,Ta,Nb,Ga,Rb,,,,,,,2100,Minéralisation associée aux pegmatites granitiques,I1G,,V3B,,,,,,,,,,,,,,AP,SO,QZ,MV,FP,,,,,,,,,,,,,,,,,,,,,IN,Inconnue,N,Inconnue,MJ,Majeur,L,Inscrit dans lithologie,N,,GMLI_I,-75.261093,52.113021,8,Potentiel moyen,Whabouchi,63.04,"Code GMLI | Lithium en substance principale | Typologie pegmatitique | Substances associées : Ta, Cs, Be, Nb, Rb | Dans un rayon de 100 km d’un projet lithium connu",PR-6073,Cartographique,Minéral,pegmatite,65.03,Dans un rayon de 100 km
0,12855,Lithos-Nord 2,67121,Lithos-Nord 2,1,I,"Indice, aucun travail",18,483000,5773140,33B03,2024,Li,,,,,,,,,,,,Nb,Be,Cs,Ga,,,,,,,,,2100,Minéralisation associée aux pegmatites granitiques,I1G,,V3B,,,,,,,,,,,,,,SO,,,,,,,,,,,,,,,,,,,,,,,,,IN,Inconnue,I,Irrégulière,MJ,Majeur,L,Inscrit dans lithologie,N,,GMLI_I,-75.248232,52.108544,8,Potentiel moyen,Whabouchi,63.24,"Code GMLI | Lithium en substance principale | Typologie pegmatitique | Substances associées : Cs, Be, Nb | Dans un rayon de 100 km d’un projet lithium connu",PR-6073,Cartographique,Minéral,pegmatite,65.82,Dans un rayon de 100 km
0,13083,Éch. H862698,67357,Éch. H862698,1,I,"Indice, aucun travail",18,419296,5764083,33C01,2025,Li,,,,,,,,,,,,Ta,,,,,,,,,,,,,,,,,,,,,,,,,,,,,,,,,,,,,,,,,,,,,,,,,,,,,,,,,,,,,,,N,,GMLI_I_N,-76.176161,52.021505,8,Potentiel moyen,Rose Lithium-Tantale,0.76,Code GMLI | Lithium en substance principale | Substances associées : Ta | Très proche d’un projet lithium connu,FS-3292,Cartographique,Minéral,pegmatite,67.7,Dans un rayon de 100 km
0,12690,Lyra,66948,Lyra,1,I,"Indice, aucun travail",18,492386,5765416,33B03,2023,Li,,,,,,,,,,,,Cs,,,,,,,,,,,,2100,Minéralisation associée aux pegmatites granitiques,I1G,,V3B,,S,,,,,,,,,,,,SO,,,,,,,,,,,,,,,,,,,,,,,,,U,Cylindrique,N,Inconnue,MJ,Majeur,L,Inscrit dans lithologie,N,,GMLI_I,-75.111007,52.039308,8,Potentiel moyen,Whabouchi,64.8,Code GMLI | Lithium en substance principale | Typologie pegmatitique | Substances associées : Cs | Dans un rayon de 100 km d’un projet lithium connu,PR-6073,Cartographique,Minéral,pegmatite,76.76,Dans un rayon de 100 km
0,13015,Sond. AC-23-023,67285,Sond. AC-23-023,1,I,"Indice, aucun travail",18,488961,5763598,33B03,2023,Li,Cs,Ta,,,,,,,,,,Be,Nb,,,,,,,,,,,2100,Minéralisation associée aux pegmatites granitiques,I1G,,S,,I1D,,,,,,,,,,,,BL,AP,SO,TL,GR,,,,,,,,,,,,,,,,,,,,,U,Cylindrique,A,Disséminée à massive,,,,,N,,GMLI_I,-75.160882,52.022905,8,Potentiel moyen,Whabouchi,60.99,"Code GMLI | Lithium en substance principale | Typologie pegmatitique | Substances associées : Ta, Cs, Be, Nb | Dans un rayon de 100 km d’un projet lithium connu",PR-6073,Cartographique,Minéral,pegmatite,76.94,Dans un rayon de 100 km
0,12689,Auriga,66947,Auriga,1,I,"Indice, aucun travail",18,487901,5762832,33B03,2023,Li,Be,Ta,,,,,,,,,,Cs,Bi,Ga,Nb,Rb,,,,,,,,2100,Minéralisation associée aux pegmatites granitiques,I1G,,V3B,,S,,,,,,,,,,,,TN,SO,BL,AP,,,,,,,,,,,,,,,,,,,,,,U,Cylindrique,N,Inconnue,MJ,Majeur,L,Inscrit dans lithologie,N,,GMLI_I,-75.176303,52.015996,8,Potentiel moyen,Whabouchi,59.68,"Code GMLI | Lithium en substance principale | Typologie pegmatitique | Substances associées : Ta, Cs, Be, Nb, Rb | Dans un rayon de 100 km d’un projet lithium connu",PR-6073,Cartographique,Minéral,pegmatite,77.22,Dans un rayon de 100 km
0,12691,Pegasus,66949,Pegasus,1,I,"Indice, aucun travail",18,493423,5764045,33B03,2023,Li,Be,Ta,Cs,,,,,,,,,Bi,Rb,Nb,Ga,,,,,,,,,2100,Minéralisation associée aux pegmatites granitiques,I1G,,V3B,,S,,,,,,,,,,,,BL,SO,AP,,,,,,,,,,,,,,,,,,,,,,,U,Cylindrique,N,Inconnue,MJ,Majeur,L,Inscrit dans lithologie,N,,GMLI_I,-75.095862,52.026995,8,Potentiel moyen,Whabouchi,64.8,"Code GMLI | Lithium en substance principale | Typologie pegmatitique | Substances associées : Ta, Cs, Be, Nb, Rb | Dans un rayon de 100 km d’un projet lithium connu",PR-6073,Cartographique,Minéral,pegmatite,78.45,Dans un rayon de 100 km
0,12723,Chou,66981,Chou,1,P,Indice travaillé,18,316039,5895668,33F04,2023,Li,Ta,Cs,,,,,,,,,,Rb,,,,,,,,,,,,2100,Minéralisation associée aux pegmatites granitiques,I1G,,,,,,,,,,,,,,,,BO,TL,AP,MV,LP,SO,,,,,,,,,,,,,,,,,,,,LI,Lenticulaire irrégulier,D,Disséminée,MJ,Majeur,L,Inscrit dans lithologie,N,,GMLI_P,-77.752835,53.178515,8,Potentiel moyen,Galaxy,114.66,"Code GMLI | Lithium en substance principale | Typologie pegmatitique | Indice travaillé | Substances associées : Ta, Cs, Rb",Béryl,Cartographique,Minéral,pegmatite,83.44,Dans un rayon de 100 km
0,12731,Zone Carte,66989,Zone Carte,1,P,Indice travaillé,18,309780,5893415,33F04,2023,Li,,,,,,,,,,,,Ta,,,,,,,,,,,,2100,Minéralisation associée aux pegmatites granitiques,,,,,,,,,,,,,,,,,,,,,,,,,,,,,,,,,,,,,,,,,,,,,,,,,,N,,GMLI_P_N,-77.845033,53.156088,8,Potentiel moyen,Galaxy,115.08,Code GMLI | Lithium en substance principale | Typologie pegmatitique | Indice travaillé | Substances associées : Ta,Béryl,Cartographique,Minéral,pegmatite,85.4,Dans un rayon de 100 km
0,12639,Éch. 4680146,66895,Éch. 4680146,1,I,"Indice, aucun travail",18,335480,5732570,32N11,2022,Li,Cs,Be,Nb,,,,,,,,,Rb,Ta,,,,,,,,,,,2100,Minéralisation associée aux pegmatites granitiques,I1G,,V3B,,,,,,,,,,,,,,SF,,,,,,,,,,,,,,,,,,,,,,,,,IN,Inconnue,D,Disséminée,IN,Indéterminé,L,Inscrit dans lithologie,N,,GMLI_I,-77.381808,51.719896,8,Potentiel moyen,Galaxy,61.21,"Code GMLI | Lithium en substance principale | Typologie pegmatitique | Substances associées : Ta, Cs, Be, Nb, Rb | Dans un rayon de 100 km d’un projet lithium connu",Béryl,Cartographique,Minéral,pegmatite,98.7,Dans un rayon de 100 km
0,12628,Mikisiw,66884,Mikisiw,1,P,Indice travaillé,18,680135,5805418,33A08,2023,Li,,,,,,,,,,,,Be,Ta,Cs,,,,,,,,,,2100,Minéralisation associée aux pegmatites granitiques,I1G,,V3B,,V1,,,,,,,,,,,,SO,GR,AP,PO,CP,,,,,,,,,,,,,,,,,,,,,IN,Inconnue,D,Disséminée,MJ,Majeur,L,Inscrit dans lithologie,N,,GMLI_P,-72.353988,52.369378,8,Potentiel moyen,Adina,104.06,"Code GMLI | Lithium en substance principale | Typologie pegmatitique | Indice travaillé | Substances associées : Ta, Cs, Be",(6) Adina (14-AB-6048A),Cartographique,Minéral,"lithium, pegmatite, spodumène, spodumene, tantale, niobium",103.78,Éloigné des cibles
0,12744,M-2,67002,M-2,1,P,Indice travaillé,18,678647,5804070,33A08,2023,Li,,,,,,,,,,,,Be,,,,,,,,,,,,2100,Minéralisation associée aux pegmatites granitiques,I1G,,I1B,,V3B,,I1D,,S,,,,,,,,GR,AP,SO,MV,,,,,,,,,,,,,,,,,,,,,,IN,Inconnue,D,Disséminée,MJ,Majeur,L,Inscrit dans lithologie,N,,GMLI_P,-72.376538,52.357759,8,Potentiel moyen,Adina,105.26,Code GMLI | Lithium en substance principale | Typologie pegmatitique | Indice travaillé | Substances associées : Be,(6) Adina (14-AB-6048A),Cartographique,Minéral,"lithium, pegmatite, spodumène, spodumene, tantale, niobium",104.95,Éloigné des cibles
0,11971,Pegmatite Ruby Hill West,51379,Pegmatite Ruby Hill West,1,P,Indice travaillé,18,658513,5796308,33A07,2016,Li,Be,Ta,Cs,,,,,,,,,Nb,,,,,,,,,,,,2100,Minéralisation associée aux pegmatites granitiques,I1G,,V3B,,I4I,,,,,,,,,,,,MV,SO,AP,CP,PO,PY,,,,,,,,,,,,,,,,,,,,LI,Lenticulaire irrégulier,D,Disséminée,MJ,Majeur,L,Inscrit dans lithologie,N,,GMLI_P,-72.675587,52.294225,8,Potentiel moyen,Adina,113.07,"Code GMLI | Lithium en substance principale | Typologie pegmatitique | Indice travaillé | Substances associées : Ta, Cs, Be, Nb",(6) Adina (14-AB-6048A),Cartographique,Minéral,"lithium, pegmatite, spodumène, spodumene, tantale, niobium",112.49,Éloigné des cibles
0,4602,Lac Gertrude-Sud,3874,Lac Gertrude-Sud,1,I,"Indice, aucun travail",18,430653,5625729,32J13,1975,Li,,,,,,,,,,,,,,,,,,,,,,,,2100,Minéralisation associée aux pegmatites granitiques,I1,,M4,,,,,,,,,,,,,,SO,,,,,,,,,,,,,,,,,,,,,,,,,LI,Lenticulaire irrégulier,D,Disséminée,IN,Indéterminé,I,Indéterminé,N,,GMLI_I,-75.983625,50.779166,8,Potentiel moyen,Sirmac-Dike #5,40.01,Code GMLI | Lithium en substance principale | Typologie pegmatitique | Proche d’un projet lithium connu,FS-3292,Cartographique,Minéral,pegmatite,203.48,Éloigné des cibles
0,12908,Montagne Spodumène,67175,Montagne Spodumène,1,P,Indice travaillé,19,347778,6103452,23M03,2023,Li,Cs,Ta,Be,Sn,Ga,,,,,,,Ge,Nb,Rb,,,,,,,,,,2100,Minéralisation associée aux pegmatites granitiques,I1G,,V3B,,,,,,,,,,,,,,LP,SO,TL,,,,,,,,,,,,,,,,,,,,,,,U,Cylindrique,S,Semi-massive,MJ,Majeur,L,Inscrit dans lithologie,N,,GMLI_P,-71.383106,55.054503,8,Potentiel moyen,Adina,207.04,"Code GMLI | Lithium en substance principale | Typologie pegmatitique | Indice travaillé | Substances associées : Ta, Cs, Be, Nb, Rb",(6) Adina (14-AB-6048A),Cartographique,Minéral,"lithium, pegmatite, spodumène, spodumene, tantale, niobium",207.92,Éloigné des cibles
0,12630,Cisco Central,66886,Cisco Central,1,P,Indice travaillé,18,325458,5613633,32K11,2022,Li,Ta,,,,,,,,,,,Cs,Rb,,,,,,,,,,,2100,Minéralisation associée aux pegmatites granitiques,I1G,,V3B,,,,,,,,,,,,,,SO,,,,,,,,,,,,,,,,,,,,,,,,,LI,Lenticulaire irrégulier,D,Disséminée,MJ,Majeur,L,Inscrit dans lithologie,N,,GMLI_P,-77.468966,50.648376,8,Potentiel moyen,Sirmac-Dike #5,140.68,"Code GMLI | Lithium en substance principale | Typologie pegmatitique | Indice travaillé | Substances associées : Ta, Cs, Rb",Béryl,Cartographique,Minéral,pegmatite,216.84,Éloigné des cibles
0,13020,Éch. D00405756,67290,Éch. D00405756,1,I,"Indice, aucun travail",18,475147,5605223,32J11,2025,Li,Cs,Ta,,,,,,,,,,,,,,,,,,,,,,,,,,,,,,,,,,,,,,,,,,,,,,,,,,,,,,,,,,,,,,,,,,,,,,,,,N,,GMLI_I_N,-75.351162,50.598374,8,Potentiel moyen,Sirmac-Dike #5,9.02,"Code GMLI | Lithium en substance principale | Substances associées : Ta, Cs | Très proche d’un projet lithium connu",FS-3292,Cartographique,Minéral,pegmatite,226.85,Éloigné des cibles
0,13119,Sond. TLIB0051,67393,Sond. TLIB0051,1,I,"Indice, aucun travail",18,674399,5909071,33H08,2025,Li,,,,,,,,,,,,,,,,,,,,,,,,,,,,,,,,,,,,,,,,,,,,,,,,,,,,,,,,,,,,,,,,,,,,,,,,,,,N,,GMLI_I_N,-72.382749,53.302089,7,Potentiel moyen,Adina,5.29,Code GMLI | Lithium en substance principale | Très proche d’un projet lithium connu,(6) Adina (14-AB-6048A),Cartographique,Minéral,"lithium, pegmatite, spodumène, spodumene, tantale, niobium",6.8,Très proche d'une cible
0,13120,Sond. TLIB0034,67394,Sond. TLIB0034,1,I,"Indice, aucun travail",18,677360,5909168,33H08,2025,Li,,,,,,,,,,,,,,,,,,,,,,,,,,,,,,,,,,,,,,,,,,,,,,,,,,,,,,,,,,,,,,,,,,,,,,,,,,,N,,GMLI_I_N,-72.33831,53.301977,7,Potentiel moyen,Adina,8.25,Code GMLI | Lithium en substance principale | Très proche d’un projet lithium connu,(6) Adina (14-AB-6048A),Cartographique,Minéral,"lithium, pegmatite, spodumène, spodumene, tantale, niobium",9.75,Très proche d'une cible
0,13011,Éch. E6481203,67281,Éch. E6481203,1,I,"Indice, aucun travail",18,370455,5811587,33C07,2025,Li,Cs,Ta,,,,,,,,,,Ga,Rb,Be,,,,,,,,,,,,,,,,,,,,,,,,,,,,,,,,,,,,,,,,,,,,,,,,,,,,,,,,,,,,,N,,GMLI_I_N,-76.905813,52.439108,7,Potentiel moyen,Galaxy,25.19,"Code GMLI | Lithium en substance principale | Substances associées : Ta, Cs, Be, Rb | Proche d’un projet lithium connu",Béryl,Cartographique,Minéral,pegmatite,16.88,Très proche d'une cible
0,13134,Éch. 119070,67408,Éch. 119070,1,I,"Indice, aucun travail",18,404742,5820354,33C09,2024,Li,,,,,,,,,,,,,,,,,,,,,,,,2100,Minéralisation associée aux pegmatites granitiques,I1G,,S4,,,,,,,,,,,,,,SO,MV,,,,,,,,,,,,,,,,,,,,,,,,IN,Inconnue,I,Irrégulière,IN,Indéterminé,L,Inscrit dans lithologie,N,,GMLI_I,-76.404097,52.524953,7,Potentiel moyen,Galaxy,55.33,Code GMLI | Lithium en substance principale | Typologie pegmatitique | Dans un rayon de 100 km d’un projet lithium connu,FS-3292,Cartographique,Minéral,pegmatite,34.53,Proche d'une cible
0,13135,Éch. 122068,67409,Éch. 122068,1,I,"Indice, aucun travail",18,404740,5818814,33C09,2024,Li,,,,,,,,,,,,,,,,,,,,,,,,2100,Minéralisation associée aux pegmatites granitiques,I1G,,S4,,,,,,,,,,,,,,MV,SO,,,,,,,,,,,,,,,,,,,,,,,,IN,Inconnue,I,Irrégulière,IN,Indéterminé,L,Inscrit dans lithologie,N,,GMLI_I,-76.403686,52.511112,7,Potentiel moyen,Galaxy,54.47,Code GMLI | Lithium en substance principale | Typologie pegmatitique | Dans un rayon de 100 km d’un projet lithium connu,FS-3292,Cartographique,Minéral,pegmatite,34.95,Proche d'une cible
0,12697,White Bear,66955,White Bear,1,I,"Indice, aucun travail",18,453828,5934864,33G12,2023,Li,Cs,,,,,,,,,,,,,,,,,,,,,,,2100,Minéralisation associée aux pegmatites granitiques,I1G,,M16,,,,,,,,,,,,,,FK,SO,,,,,,,,,,,,,,,,,,,,,,,,,,,,IN,Indéterminé,I,Indéterminé,N,,GMLI_I,-75.697069,53.560622,7,Potentiel moyen,Shaakichiuwaanaan,116.3,Code GMLI | Lithium en substance principale | Typologie pegmatitique | Substances associées : Cs,Indice Blacksmith,Géochimique,Minéral,pegmatite,40.44,Proche d'une cible
0,12795,Monarch-Zone 1,67060,Monarch-Zone 1,1,I,"Indice, aucun travail",18,486004,5761393,33B03,2024,Li,,,,,,,,,,,,,,,,,,,,,,,,2100,Minéralisation associée aux pegmatites granitiques,,,,,,,,,,,,,,,,,,,,,,,,,,,,,,,,,,,,,,,,,,,,,,,,,,N,,GMLI_I_N,-75.203887,52.003013,7,Potentiel moyen,Whabouchi,57.31,Code GMLI | Lithium en substance principale | Typologie pegmatitique | Dans un rayon de 100 km d’un projet lithium connu,PR-6073,Cartographique,Minéral,pegmatite,77.84,Dans un rayon de 100 km
0,12724,Navet,66982,Navet,1,I,"Indice, aucun travail",18,314050,5894818,33F04,2023,Li,Cs,Ta,,,,,,,,,,Rb,,,,,,,,,,,,2100,Minéralisation associée aux pegmatites granitiques,I1G,,V3,,,,,,,,,,,,,,TL,MV,SO,,,,,,,,,,,,,,,,,,,,,,,LI,Lenticulaire irrégulier,D,Disséminée,MJ,Majeur,L,Inscrit dans lithologie,N,,GMLI_I,-77.782067,53.170192,7,Potentiel moyen,Galaxy,114.63,"Code GMLI | Lithium en substance principale | Typologie pegmatitique | Substances associées : Ta, Cs, Rb",Béryl,Cartographique,Minéral,pegmatite,83.9,Dans un rayon de 100 km
0,12732,Mia-10,66990,Mia-10,1,I,"Indice, aucun travail",18,311150,5894000,33F04,2023,Li,,,,,,,,,,,,Ta,,,,,,,,,,,,2100,Minéralisation associée aux pegmatites granitiques,,,,,,,,,,,,,,,,,,,,,,,,,,,,,,,,,,,,,,,,,,,,,,,,,,N,,GMLI_I_N,-77.824915,53.161827,7,Potentiel moyen,Galaxy,115.04,Code GMLI | Lithium en substance principale | Typologie pegmatitique | Substances associées : Ta,Béryl,Cartographique,Minéral,pegmatite,85.0,Dans un rayon de 100 km
0,12730,Mia-8,66988,Mia-8,1,P,Indice travaillé,18,308500,5892755,33F04,2023,Li,,,,,,,,,,,,,,,,,,,,,,,,2100,Minéralisation associée aux pegmatites granitiques,,,,,,,,,,,,,,,,,,,,,,,,,,,,,,,,,,,,,,,,,,,,,,,,,,N,,GMLI_P_N,-77.863756,53.149704,7,Potentiel moyen,Galaxy,115.04,Code GMLI | Lithium en substance principale | Typologie pegmatitique | Indice travaillé,Béryl,Cartographique,Minéral,pegmatite,85.71,Dans un rayon de 100 km
0,12729,Mia-5,66987,Mia-5,1,I,"Indice, aucun travail",18,305905,5891590,33F04,2023,Li,,,,,,,,,,,,Ta,,,,,,,,,,,,2100,Minéralisation associée aux pegmatites granitiques,,,,,,,,,,,,,,,,,,,,,,,,,,,,,,,,,,,,,,,,,,,,,,,,,,N,,GMLI_I_N,-77.901803,53.138306,7,Potentiel moyen,Galaxy,115.15,Code GMLI | Lithium en substance principale | Typologie pegmatitique | Substances associées : Ta,Béryl,Cartographique,Minéral,pegmatite,86.52,Dans un rayon de 100 km
0,12728,Mia-4,66986,Mia-4,1,I,"Indice, aucun travail",18,304330,5891430,33F04,2023,Li,,,,,,,,,,,,Ta,,,,,,,,,,,,2100,Minéralisation associée aux pegmatites granitiques,,,,,,,,,,,,,,,,,,,,,,,,,,,,,,,,,,,,,,,,,,,,,,,,,,N,,GMLI_I_N,-77.925219,53.136293,7,Potentiel moyen,Galaxy,115.74,Code GMLI | Lithium en substance principale | Typologie pegmatitique | Substances associées : Ta,Béryl,Cartographique,Minéral,pegmatite,87.46,Dans un rayon de 100 km
0,12743,T3R1,67001,T3R1,1,I,"Indice, aucun travail",18,683091,5807216,33A08,2023,Li,,,,,,,,,,,,Cs,Be,,,,,,,,,,,2100,Minéralisation associée aux pegmatites granitiques,I1G,,V3B,,S,,,,,,,,,,,,SO,TL,BL,MV,GR,AP,,,,,,,,,,,,,,,,,,,,IN,Inconnue,D,Disséminée,MJ,Majeur,L,Inscrit dans lithologie,N,,GMLI_I,-72.309637,52.384546,7,Potentiel moyen,Adina,102.63,"Code GMLI | Lithium en substance principale | Typologie pegmatitique | Substances associées : Cs, Be",(6) Adina (14-AB-6048A),Cartographique,Minéral,"lithium, pegmatite, spodumène, spodumene, tantale, niobium",102.4,Éloigné des cibles
0,12804,Licé,67069,Licé,1,I,"Indice, aucun travail",18,607440,5742061,32P14,2024,Li,Cs,Be,,,,,,,,,,,,,,,,,,,,,,2100,Minéralisation associée aux pegmatites granitiques,M15,,I1G,,M15G,,,,,,,,,,,,GR,TL,HK,QZ,,,,,,,,,,,,,,,,,,,,,,IN,Inconnue,N,Inconnue,IN,Indéterminé,,,N,,GMLI_I,-73.441204,51.819044,7,Potentiel moyen,Moblan,157.82,"Code GMLI | Lithium en substance principale | Typologie pegmatitique | Substances associées : Cs, Be",12-PL-3225,Cartographique,Sulfures,pegmatite,164.42,Éloigné des cibles
0,12601,Éch. K28404,66854,Éch. K28404,1,I,"Indice, aucun travail",18,361258,5499019,32F10,2023,Li,,,,,,,,,,,,Ta,,,,,,,,,,,,2100,Minéralisation associée aux pegmatites granitiques,I1G,,I3A,,,,,,,,,,,,,,SO,,,,,,,,,,,,,,,,,,,,,,,,,TI,Tabulaire irrégulier,D,Disséminée,MJ,Majeur,L,Inscrit dans lithologie,N,,GMLI_I,-76.92119,49.627777,7,Potentiel moyen,Complexe Lithium Amérique du Nord,149.97,Code GMLI | Lithium en substance principale | Typologie pegmatitique | Substances associées : Ta,Indice Kekek (15-AM-200B),Cartographique,Échan. roche,pegmatite,171.92,Éloigné des cibles
0,13001,Éch. L773264,67271,Éch. L773264,1,I,"Indice, aucun travail",18,362091,5501284,32F10,2024,Li,,,,,,,,,,,,Be,,,,,,,,,,,,2100,Minéralisation associée aux pegmatites granitiques,I1G,,I3A,,,,,,,,,,,,,,SO,,,,,,,,,,,,,,,,,,,,,,,,,TI,Tabulaire irrégulier,D,Disséminée,MJ,Majeur,L,Inscrit dans lithologie,N,,GMLI_I,-76.910459,49.648329,7,Potentiel moyen,Sirmac-Dike #5,148.75,Code GMLI | Lithium en substance principale | Typologie pegmatitique | Substances associées : Be,Indice Kekek (15-AM-200B),Cartographique,Échan. roche,pegmatite,173.64,Éloigné des cibles
0,13114,Marine,67388,Marine,1,I,"Indice, aucun travail",19,346881,6102072,23M03,2023,Li,Ta,Cs,,,,,,,,,,Rb,,,,,,,,,,,,2100,Minéralisation associée aux pegmatites granitiques,I1G,,I2,,V4,,,,,,,,,,,,FP,SO,,,,,,,,,,,,,,,,,,,,,,,,IN,Inconnue,D,Disséminée,MJ,Majeur,L,Inscrit dans lithologie,N,,GMLI_I,-71.396395,55.041837,7,Potentiel moyen,Adina,205.42,"Code GMLI | Lithium en substance principale | Typologie pegmatitique | Substances associées : Ta, Cs, Rb",(6) Adina (14-AB-6048A),Cartographique,Minéral,"lithium, pegmatite, spodumène, spodumene, tantale, niobium",206.3,Éloigné des cibles
0,13117,Michael,67391,Michael,1,I,"Indice, aucun travail",19,347384,6102582,23M03,2024,Li,Ta,Cs,,,,,,,,,,,,,,,,,,,,,,2100,Minéralisation associée aux pegmatites granitiques,I1G,,V3,,,,,,,,,,,,,,SO,,,,,,,,,,,,,,,,,,,,,,,,,IN,Inconnue,I,Irrégulière,IN,Indéterminé,L,Inscrit dans lithologie,N,,GMLI_I,-71.388803,55.046571,7,Potentiel moyen,Adina,206.08,"Code GMLI | Lithium en substance principale | Typologie pegmatitique | Substances associées : Ta, Cs",(6) Adina (14-AB-6048A),Cartographique,Minéral,"lithium, pegmatite, spodumène, spodumene, tantale, niobium",206.96,Éloigné des cibles
0,12909,Isabella,67176,Isabella,1,I,"Indice, aucun travail",19,346686,6103293,23M03,2023,Li,Cs,Ta,Be,,,,,,,,,Ga,Nb,Rb,,,,,,,,,,2100,Minéralisation associée aux pegmatites granitiques,I1G,,I2A,,V3B,,,,,,,,,,,,SO,TL,,,,,,,,,,,,,,,,,,,,,,,,TI,Tabulaire irrégulier,N,Inconnue,MJ,Majeur,L,Inscrit dans lithologie,N,,GMLI_I,-71.4001,55.05274,7,Potentiel moyen,Adina,206.48,"Code GMLI | Lithium en substance principale | Typologie pegmatitique | Substances associées : Ta, Cs, Be, Nb, Rb",(6) Adina (14-AB-6048A),Cartographique,Minéral,"lithium, pegmatite, spodumène, spodumene, tantale, niobium",207.36,Éloigné des cibles
0,13115,Roloh,67389,Roloh,1,I,"Indice, aucun travail",19,346855,6104348,23M03,2024,Li,Ta,,,,,,,,,,,Cs,,,,,,,,,,,,2100,Minéralisation associée aux pegmatites granitiques,I1G,,V3,,,,,,,,,,,,,,TL,FP,SO,,,,,,,,,,,,,,,,,,,,,,,IN,Inconnue,I,Irrégulière,IN,Indéterminé,L,Inscrit dans lithologie,N,,GMLI_I,-71.398023,55.062264,7,Potentiel moyen,Adina,207.52,"Code GMLI | Lithium en substance principale | Typologie pegmatitique | Substances associées : Ta, Cs",(6) Adina (14-AB-6048A),Cartographique,Minéral,"lithium, pegmatite, spodumène, spodumene, tantale, niobium",208.39,Éloigné des cibles
0,13151,Éch. D00288112,67425,Éch. D00288112,1,I,"Indice, aucun travail",19,479510,5947765,23F11,2024,Li,Be,,,,,,,,,,,Cs,Ta,,,,,,,,,,,2100,Minéralisation associée aux pegmatites granitiques,I1G,,I1D,,V3B,,,,,,,,,,,,AP,TL,GR,SO,BL,,,,,,,,,,,,,,,,,,,,,IN,Inconnue,A,Disséminée à massive,IN,Indéterminé,L,Inscrit dans lithologie,N,,GMLI_I,-69.310201,53.678212,7,Potentiel moyen,Adina,212.65,"Code GMLI | Lithium en substance principale | Typologie pegmatitique | Substances associées : Ta, Cs, Be",(6) Adina (14-AB-6048A),Cartographique,Minéral,"lithium, pegmatite, spodumène, spodumene, tantale, niobium",214.2,Éloigné des cibles
0,12631,Cisco Est,66887,Cisco Est,1,I,"Indice, aucun travail",18,326580,5613624,32K11,2022,Li,Cs,,,,,,,,,,,Ta,Rb,,,,,,,,,,,2100,Minéralisation associée aux pegmatites granitiques,I1G,,V3B,,,,,,,,,,,,,,SO,,,,,,,,,,,,,,,,,,,,,,,,,LI,Lenticulaire irrégulier,D,Disséminée,MJ,Majeur,V,Veine,N,,GMLI_I,-77.453107,50.648631,7,Potentiel moyen,Sirmac-Dike #5,139.57,"Code GMLI | Lithium en substance principale | Typologie pegmatitique | Substances associées : Ta, Cs, Rb",Béryl,Cartographique,Minéral,pegmatite,216.66,Éloigné des cibles
0,12756,CO6,67014,CO6,1,I,"Indice, aucun travail",18,325841,5612649,32K11,2024,Li,Cs,Ta,,,,,,,,,,Rb,,,,,,,,,,,,2100,Minéralisation associée aux pegmatites granitiques,I1G,,V3,,,,,,,,,,,,,,SO,,,,,,,,,,,,,,,,,,,,,,,,,UI,Cylindrique irrégulier,N,Inconnue,MJ,Majeur,L,Inscrit dans lithologie,N,,GMLI_I,-77.463092,50.63965,7,Potentiel moyen,Sirmac-Dike #5,140.26,"Code GMLI | Lithium en substance principale | Typologie pegmatitique | Substances associées : Ta, Cs, Rb",Béryl,Cartographique,Minéral,pegmatite,217.74,Éloigné des cibles
0,12757,CO15,67015,CO15,1,I,"Indice, aucun travail",18,324878,5612306,32K11,2024,Li,Ta,,,,,,,,,,,Cs,Rb,,,,,,,,,,,2100,Minéralisation associée aux pegmatites granitiques,I1G,,V3,,,,,,,,,,,,,,SO,,,,,,,,,,,,,,,,,,,,,,,,,U,Cylindrique,N,Inconnue,MJ,Majeur,L,Inscrit dans lithologie,N,,GMLI_I,-77.476535,50.63628,7,Potentiel moyen,Sirmac-Dike #5,141.21,"Code GMLI | Lithium en substance principale | Typologie pegmatitique | Substances associées : Ta, Cs, Rb",Béryl,Cartographique,Minéral,pegmatite,218.25,Éloigné des cibles
0,11547,Mia-Li2,36230,Mia-LI2,1,I,"Indice, aucun travail",18,302606,5891150,33F04,1997,Li,,,,,,,,,,,,,,,,,,,,,,,,2100,Minéralisation associée aux pegmatites granitiques,I1B,,,,,,,,,,,,,,,,PG,GR,MG,,,,,,,,,,,,,,,,,,,,,,,IN,Inconnue,N,Inconnue,IN,Indéterminé,,,N,,GMLI_I,-77.950783,53.133144,6,Potentiel moyen,Galaxy,116.31,Code GMLI | Lithium en substance principale | Typologie pegmatitique,Béryl,Cartographique,Minéral,pegmatite,88.44,Dans un rayon de 100 km
0,11546,Mia-Li1,36227,Mia-Li1,1,I,"Indice, aucun travail",18,302097,5891020,33F04,1997,Li,,,,,,,,,,,,,,,,,,,,,,,,2100,Minéralisation associée aux pegmatites granitiques,I1B,,,,,,,,,,,,,,,,AI,SO,MG,,,,,,,,,,,,,,,,,,,,,,,IN,Inconnue,N,Inconnue,IN,Indéterminé,I,Indéterminé,N,,GMLI_I,-77.9583,53.131789,6,Potentiel moyen,Galaxy,116.44,Code GMLI | Lithium en substance principale | Typologie pegmatitique,Béryl,Cartographique,Minéral,pegmatite,88.69,Dans un rayon de 100 km
0,12810,Tamarin,67075,Tamarin,1,I,"Indice, aucun travail",19,367228,6162056,23M11,2024,Li,,,,,,,,,,,,,,,,,,,,,,,,2100,Minéralisation associée aux pegmatites granitiques,,,,,,,,,,,,,,,,,,,,,,,,,,,,,,,,,,,,,,,,,,,,,,,,,,N,,GMLI_I_N,-71.106582,55.586341,6,Potentiel moyen,Adina,268.6,Code GMLI | Lithium en substance principale | Typologie pegmatitique,(6) Adina (14-AB-6048A),Cartographique,Minéral,"lithium, pegmatite, spodumène, spodumene, tantale, niobium",269.46,Éloigné des cibles
0,12809,Cebus,67074,Cebus,1,I,"Indice, aucun travail",19,368981,6162442,23M11,2024,Li,,,,,,,,,,,,,,,,,,,,,,,,2100,Minéralisation associée aux pegmatites granitiques,,,,,,,,,,,,,,,,,,,,,,,,,,,,,,,,,,,,,,,,,,,,,,,,,,N,,GMLI_I_N,-71.078973,55.590282,6,Potentiel moyen,Adina,269.6,Code GMLI | Lithium en substance principale | Typologie pegmatitique,(6) Adina (14-AB-6048A),Cartographique,Minéral,"lithium, pegmatite, spodumène, spodumene, tantale, niobium",270.46,Éloigné des cibles
0,12808,Capuchin,67073,Capuchin,1,I,"Indice, aucun travail",19,370765,6163202,23M11,2024,Li,,,,,,,,,,,,,,,,,,,,,,,,2100,Minéralisation associée aux pegmatites granitiques,,,,,,,,,,,,,,,,,,,,,,,,,,,,,,,,,,,,,,,,,,,,,,,,,,N,,GMLI_I_N,-71.051042,55.597583,6,Potentiel moyen,Adina,270.96,Code GMLI | Lithium en substance principale | Typologie pegmatitique,(6) Adina (14-AB-6048A),Cartographique,Minéral,"lithium, pegmatite, spodumène, spodumene, tantale, niobium",271.84,Éloigné des cibles
0,12807,Ouakari,67072,Ouakari,1,I,"Indice, aucun travail",19,369763,6164889,23M11,2024,Li,,,,,,,,,,,,,,,,,,,,,,,,2100,Minéralisation associée aux pegmatites granitiques,,,,,,,,,,,,,,,,,,,,,,,,,,,,,,,,,,,,,,,,,,,,,,,,,,N,,GMLI_I_N,-71.067729,55.612465,6,Potentiel moyen,Adina,272.16,Code GMLI | Lithium en substance principale | Typologie pegmatitique,(6) Adina (14-AB-6048A),Cartographique,Minéral,"lithium, pegmatite, spodumène, spodumene, tantale, niobium",273.02,Éloigné des cibles
0,13039,Whale,67310,Whale,1,I,"Indice, aucun travail",18,487000,5773315,33B03,2025,Li,,,,,,,,,,,,,,,,,,,,,,,,,,,,,,,,,,,,,,,,,,,,,,,,,,,,,,,,,,,,,,,,,,,,,,,,,,,N,,GMLI_I_N,-75.189832,52.110226,5,Potentiel faible,Whabouchi,66.07,Code GMLI | Lithium en substance principale | Dans un rayon de 100 km d’un projet lithium connu,PR-6073,Cartographique,Minéral,pegmatite,67.3,Dans un rayon de 100 km
0,13038,Benny,67309,Benny,1,I,"Indice, aucun travail",18,481370,5768990,33B03,2025,Li,,,,,,,,,,,,,,,,,,,,,,,,,,,,,,,,,,,,,,,,,,,,,,,,,,,,,,,,,,,,,,,,,,,,,,,,,,,N,,GMLI_I_N,-75.271806,52.07118,5,Potentiel faible,Whabouchi,59.07,Code GMLI | Lithium en substance principale | Dans un rayon de 100 km d’un projet lithium connu,PR-6073,Cartographique,Minéral,pegmatite,69.1,Dans un rayon de 100 km
